,VIXSI,SPY,SPY_ANT,VIX
2024-12-04 14:08:00-05:00,1.0,606.3101196289062,603.4099731445312,-0.0035124879005163
2024-12-04 14:09:00-05:00,1.0,606.3049926757812,603.489990234375,-0.0036417112554335
2024-12-04 14:10:00-05:00,1.0,606.3900146484375,603.4099731445312,-0.0033675820353714
2024-12-04 14:11:00-05:00,1.0,606.4000244140625,603.4699096679688,-0.0034445553470828
2024-12-04 14:12:00-05:00,1.0,606.3400268554688,603.4299926757812,-0.0034712615340495
2024-12-04 14:13:00-05:00,1.0,606.3580932617188,603.4400024414062,-0.0034392403411997
2024-12-04 14:14:00-05:00,1.0,606.3200073242188,603.4500122070312,-0.0035752717762347
2024-12-04 14:15:00-05:00,1.0,606.3499755859375,603.4349975585938,-0.0034443586896064
2024-12-04 14:16:00-05:00,1.0,606.3699951171875,603.3099975585938,-0.0032904846662965
2024-12-04 14:17:00-05:00,1.0,606.4293212890625,603.375,-0.003269188613528
2024-12-04 14:18:00-05:00,1.0,606.4298706054688,603.510009765625,-0.0035181184154423
2024-12-04 14:19:00-05:00,1.0,606.6199951171875,603.5750122070312,-0.0033175878539156
2024-12-04 14:20:00-05:00,1.0,606.6900024414062,603.5765991210938,-0.0031917428295826
2024-12-04 14:22:00-05:00,1.0,606.6099853515625,603.5499877929688,-0.003286251457239
2024-12-04 14:23:00-05:00,1.0,606.8298950195312,603.5399780273438,-0.0029239659145024
2024-12-04 14:24:00-05:00,1.0,606.8300170898438,603.4099731445312,-0.002688388848336
2024-12-04 14:25:00-05:00,1.0,606.840087890625,603.4949951171875,-0.002844632535477
2024-12-04 14:26:00-05:00,1.0,606.77001953125,603.4998779296875,-0.0029563715608679
2024-12-04 14:27:00-05:00,1.0,606.6900024414062,603.4550170898438,-0.0030392270178427
2024-12-04 14:28:00-05:00,1.0,606.6635131835938,603.5399780273438,-0.0032121424926825
2024-12-04 14:29:00-05:00,1.0,606.760009765625,603.619873046875,-0.0031978241622502
2024-12-04 14:30:00-05:00,1.0,606.7449951171875,603.6699829101562,-0.0034061369720466
2024-12-04 14:31:00-05:00,1.0,606.80078125,603.719970703125,-0.0033032043888254
2024-12-04 14:32:00-05:00,1.0,606.8796997070312,603.7899780273438,-0.0033765374060082
2024-12-04 14:33:00-05:00,1.0,606.8699951171875,603.8499755859375,-0.0034924754229503
2024-12-04 14:34:00-05:00,1.0,606.9299926757812,603.8250122070312,-0.0033515640918657
2024-12-04 14:35:00-05:00,1.0,607.010009765625,603.719970703125,-0.0030316388853167
2024-12-04 14:36:00-05:00,1.0,606.9249877929688,603.719970703125,-0.0031849690330377
2024-12-04 14:37:00-05:00,1.0,606.9923706054688,603.719970703125,-0.0030546063387922
2024-12-04 14:38:00-05:00,1.0,606.969970703125,603.75,-0.0031479651915113
2024-12-04 14:40:00-05:00,1.0,606.969970703125,603.7299194335938,-0.0031082769583939
2024-12-04 14:41:00-05:00,1.0,606.9849853515625,603.8499755859375,-0.0032957969406714
2024-12-04 14:42:00-05:00,1.0,606.9600219726562,603.7507934570312,-0.0031657646202637
2024-12-04 14:43:00-05:00,1.0,606.75,603.7899780273438,-0.0035788467134681
2024-12-04 14:44:00-05:00,1.0,606.9400024414062,603.7899780273438,-0.003239163713881
2024-12-04 14:46:00-05:00,1.0,606.9400024414062,603.7999877929688,-0.0032745781518396
2024-12-04 14:47:00-05:00,1.0,606.8800048828125,603.8699951171875,-0.0034717172529459
2024-12-04 14:49:00-05:00,1.0,606.8499755859375,603.9099731445312,-0.0035754706667447
2024-12-04 14:50:00-05:00,1.0,606.8200073242188,603.969970703125,-0.0036686617144213
2024-12-04 14:52:00-05:00,1.0,606.9149780273438,604.0706787109375,-0.0036851961558109
2024-12-04 14:53:00-05:00,1.0,606.8350219726562,603.9921264648438,-0.0036869080011615
2024-12-04 14:54:00-05:00,1.0,606.8800048828125,604.0499877929688,-0.0037211789842983
2024-12-04 14:55:00-05:00,1.0,606.8499755859375,604.0800170898438,-0.0038333334695244
2024-12-04 14:56:00-05:00,1.0,606.8499755859375,604.1199951171875,-0.0038935625524479
2024-12-04 14:57:00-05:00,1.0,606.8900146484375,604.0999755859375,-0.0037939944955198
2024-12-04 14:58:00-05:00,1.0,606.9199829101562,604.0449829101562,-0.0036591706949143
2024-12-04 14:59:00-05:00,1.0,606.9400024414062,604.030029296875,-0.0036011531862809
2024-12-04 15:00:00-05:00,1.0,606.8599853515625,603.9500122070312,-0.0035942649048515
2024-12-04 15:01:00-05:00,1.0,606.8701171875,604.0050048828125,-0.0036752258875741
2024-12-04 15:02:00-05:00,1.0,606.9400024414062,604.0,-0.0035261962890625
2024-12-04 15:03:00-05:00,1.0,607.0150146484375,603.9401245117188,-0.0033211175732987
2024-12-04 15:04:00-05:00,1.0,607.0501098632812,603.9600219726562,-0.0032836217991181
2024-12-04 15:05:00-05:00,1.0,607.0900268554688,603.9199829101562,-0.0031696374767866
2024-12-04 15:06:00-05:00,1.0,607.1400146484375,603.9749755859375,-0.0031596519881813
2024-12-04 15:07:00-05:00,1.0,607.2000122070312,603.989990234375,-0.0029290560074544
2024-12-04 15:08:00-05:00,1.0,607.22998046875,604.0499877929688,-0.0031355471566185
2024-12-04 15:09:00-05:00,1.0,607.2249755859375,604.0399780273438,-0.0031271742360576
2024-12-04 15:10:00-05:00,1.0,607.3953857421875,604.0850219726562,-0.0029137866684789
2024-12-04 15:11:00-05:00,1.0,607.47998046875,604.0,-0.0026571929325331
2024-12-04 15:12:00-05:00,1.0,607.4000244140625,603.8900146484375,-0.0026064171571256
2024-12-04 15:13:00-05:00,1.0,607.3206787109375,603.9400024414062,-0.0028335478178875
2024-12-04 15:14:00-05:00,1.0,607.2951049804688,603.9500122070312,-0.002892558542385
2024-12-04 15:16:00-05:00,1.0,607.3300170898438,603.9199829101562,-0.0027597500063165
2024-12-04 15:18:00-05:00,1.0,607.3300170898438,603.89501953125,-0.0027119293130451
2024-12-04 15:19:00-05:00,1.0,607.3300170898438,603.9099731445312,-0.0027555814858181
2024-12-04 15:20:00-05:00,1.0,607.3400268554688,603.9600219726562,-0.002822345006549
2024-12-04 15:21:00-05:00,1.0,607.3690185546875,603.9400024414062,-0.002753507013247
2024-12-04 15:22:00-05:00,1.0,607.3599243164062,603.9899291992188,-0.0028516948546758
2024-12-04 15:23:00-05:00,1.0,607.331298828125,603.9550170898438,-0.0028409632356812
2024-12-04 15:24:00-05:00,1.0,607.3200073242188,603.969970703125,-0.0028845559860679
2024-12-04 15:25:00-05:00,1.0,607.3250122070312,603.969970703125,-0.0028762693442558
2024-12-04 15:26:00-05:00,1.0,607.385009765625,603.9400024414062,-0.0027395288682775
2024-12-04 15:27:00-05:00,1.0,607.4099731445312,603.9099731445312,-0.0026106841778698
2024-12-04 15:29:00-05:00,1.0,607.3099975585938,603.9450073242188,-0.0028658168275807
2024-12-04 15:30:00-05:00,1.0,607.1901245117188,603.8699951171875,-0.0029456636215122
2024-12-04 15:31:00-05:00,1.0,607.22998046875,603.8699951171875,-0.0028734127316626
2024-12-04 15:33:00-05:00,1.0,607.2949829101562,603.9699096679688,-0.0029446375821678
2024-12-04 15:34:00-05:00,1.0,607.3499755859375,603.9099731445312,-0.0027537826921547
2024-12-04 15:35:00-05:00,1.0,607.3499755859375,604.0198974609375,-0.0029305572409562
2024-12-04 15:36:00-05:00,1.0,607.4099731445312,603.97998046875,-0.0027772659497021
2024-12-04 15:37:00-05:00,1.0,607.4199829101562,603.9000244140625,-0.0026275393628229
2024-12-04 15:38:00-05:00,1.0,607.4299926757812,603.8300170898438,-0.0024943476697919
2024-12-04 15:39:00-05:00,1.0,607.52001953125,603.77001953125,-0.0022452758232573
2024-12-04 15:40:00-05:00,1.0,607.6699829101562,603.7899780273438,-0.0020301663881305
2024-12-04 15:41:00-05:00,1.0,607.6798706054688,603.719970703125,-0.0018908333424321
2024-12-04 15:42:00-05:00,1.0,607.6300048828125,603.6699829101562,-0.0018963379872047
2024-12-04 15:43:00-05:00,1.0,607.625,603.5900268554688,-0.0017525433820911
2024-12-04 15:44:00-05:00,1.0,607.6500244140625,603.6300048828125,-0.0017777589355536
2024-12-04 15:46:00-05:00,1.0,607.6400146484375,603.7899780273438,-0.0020610499739954
2024-12-04 15:47:00-05:00,1.0,607.5999755859375,603.7899780273438,-0.0021273628707924
2024-12-04 15:48:00-05:00,1.0,607.760009765625,603.771728515625,-0.0018381388697716
2024-12-04 15:49:00-05:00,1.0,607.780029296875,603.8499755859375,-0.0019479219883543
2024-12-04 15:51:00-05:00,1.0,607.6699829101562,604.0499877929688,-0.0024571265783582
2024-12-04 15:52:00-05:00,1.0,607.60498046875,603.9400024414062,-0.0023753027825144
2024-12-04 15:53:00-05:00,1.0,607.6199951171875,604.0399780273438,-0.0025107116746059
2024-12-04 15:54:00-05:00,1.0,607.6580200195312,604.0806884765625,-0.0025218067708753
2024-12-04 15:55:00-05:00,1.0,607.4949951171875,604.0150146484375,-0.0026760861537308
2024-12-04 15:56:00-05:00,1.0,607.5700073242188,604.0800170898438,-0.002660135850151
2024-12-04 15:58:00-05:00,1.0,607.5599975585938,604.0,-0.0025372143069639
2024-12-04 15:59:00-05:00,1.0,607.4400024414062,603.8499755859375,-0.0024735202233734
2024-12-05 09:30:00-05:00,1.0,607.6799926757812,605.6699829101562,-0.0051063449199394
2024-12-05 09:32:00-05:00,1.0,607.6799926757812,605.9000244140625,-0.0054872739891121
2024-12-05 09:33:00-05:00,1.0,607.6367797851562,605.9199829101562,-0.0055916277339881
2024-12-05 09:34:00-05:00,1.0,607.75,605.780029296875,-0.0051730428408781
2024-12-05 09:36:00-05:00,1.0,607.5300903320312,605.8599853515625,-0.0056871642857286
2024-12-05 09:37:00-05:00,1.0,607.469970703125,605.5999755859375,-0.0053434111747453
2024-12-05 09:39:00-05:00,1.0,607.477783203125,605.619873046875,-0.0053697173215636
2024-12-05 09:40:00-05:00,1.0,607.5250244140625,605.6500244140625,-0.0053604026881568
2024-12-05 09:42:00-05:00,1.0,607.4600219726562,605.72998046875,-0.0056063734094564
2024-12-05 09:43:00-05:00,1.0,607.4749755859375,605.6900024414062,-0.0054967422281424
2024-12-05 09:44:00-05:00,1.0,607.5900268554688,605.6900024414062,-0.0053255414792981
2024-12-05 09:45:00-05:00,1.0,607.719970703125,605.5999755859375,-0.004949347419662
2024-12-05 09:46:00-05:00,1.0,607.719970703125,605.77001953125,-0.0052247871774689
2024-12-05 09:47:00-05:00,1.0,607.72998046875,605.8499755859375,-0.0053344134957969
2024-12-05 09:48:00-05:00,1.0,607.7200927734375,605.7899780273438,-0.0052701379544048
2024-12-05 09:49:00-05:00,1.0,607.6699829101562,605.780029296875,-0.0053176321901038
2024-12-05 09:50:00-05:00,1.0,607.5745239257812,606.0,-0.0058330257000309
2024-12-05 09:51:00-05:00,1.0,607.481689453125,605.9099731445312,-0.0058560233726853
2024-12-05 09:52:00-05:00,1.0,607.47998046875,605.9500122070312,-0.005893841623241
2024-12-05 09:53:00-05:00,1.0,607.530029296875,605.9500122070312,-0.0058174959847943
2024-12-05 09:55:00-05:00,1.0,607.5650024414062,606.10107421875,-0.0060221797094969
2024-12-05 09:56:00-05:00,1.0,607.5399780273438,606.02001953125,-0.0059169005196075
2024-12-05 09:57:00-05:00,1.0,607.5399780273438,605.989990234375,-0.0058672221192642
2024-12-05 09:58:00-05:00,1.0,607.5599975585938,605.8674926757812,-0.0056439768232775
2024-12-05 09:59:00-05:00,1.0,607.6099853515625,605.8900146484375,-0.0055674993001341
2024-12-05 10:00:00-05:00,1.0,607.8432006835938,605.5399169921875,-0.0046150640219607
2024-12-05 10:01:00-05:00,1.0,607.8400268554688,605.6099853515625,-0.004723943634771
2024-12-05 10:02:00-05:00,1.0,608.0399780273438,605.6400146484375,-0.0044373104140099
2024-12-05 10:03:00-05:00,1.0,608.0900268554688,605.5999755859375,-0.0042695403402992
2024-12-05 10:04:00-05:00,1.0,608.0700073242188,605.590087890625,-0.0043237037249994
2024-12-05 10:05:00-05:00,1.0,608.0399780273438,605.6500244140625,-0.0044351532164765
2024-12-05 10:06:00-05:00,1.0,607.89990234375,605.6500244140625,-0.0046601847783476
2024-12-05 10:08:00-05:00,1.0,607.9099731445312,605.6900024414062,-0.0047223070891433
2024-12-05 10:09:00-05:00,1.0,607.9000244140625,605.6199951171875,-0.0046227146308613
2024-12-05 10:11:00-05:00,1.0,607.7100219726562,605.8099975585938,-0.0053011628287423
2024-12-05 10:12:00-05:00,1.0,607.5800170898438,605.5900268554688,-0.0050952146524431
2024-12-05 10:13:00-05:00,1.0,607.6085205078125,605.469970703125,-0.0048617006694542
2024-12-05 10:14:00-05:00,1.0,607.5599975585938,605.4400024414062,-0.0048984224553403
2024-12-05 10:15:00-05:00,1.0,607.5800170898438,605.0399780273438,-0.0042143657365725
2024-12-05 10:16:00-05:00,1.0,607.5399780273438,605.1400146484375,-0.0044465362216824
2024-12-05 10:17:00-05:00,1.0,607.5150146484375,605.130615234375,-0.0044846946278466
2024-12-05 10:18:00-05:00,1.0,607.635009765625,605.2449951171875,-0.0044886616490529
2024-12-05 10:19:00-05:00,1.0,607.6500244140625,605.5599975585938,-0.0049798548221563
2024-12-05 10:20:00-05:00,1.0,607.6099853515625,605.5900268554688,-0.0050707285968778
2024-12-05 10:21:00-05:00,1.0,607.4299926757812,605.5999755859375,-0.0053844250930997
2024-12-05 10:23:00-05:00,1.0,607.3499755859375,605.5,-0.0053572141437861
2024-12-05 10:25:00-05:00,1.0,607.2097778320312,605.7100219726562,-0.005961470538756
2024-12-05 10:26:00-05:00,1.0,607.2000122070312,605.5499877929688,-0.0057314139875738
2024-12-05 10:27:00-05:00,1.0,607.1699829101562,605.6599731445312,-0.0059568357947031
2024-12-05 10:28:00-05:00,1.0,607.1802978515625,605.6900024414062,-0.0059957579922911
2024-12-05 10:29:00-05:00,1.0,607.2100219726562,605.6300048828125,-0.0058473682122664
2024-12-05 10:30:00-05:00,1.0,607.1098022460938,605.6400146484375,-0.0060356662999357
2024-12-05 10:31:00-05:00,1.0,607.0800170898438,605.6500244140625,-0.0061014125433212
2024-12-05 10:33:00-05:00,1.0,607.0900268554688,605.8699951171875,-0.0064738143114633
2024-12-05 10:34:00-05:00,1.0,607.0900268554688,605.9500122070312,-0.0065748825184064
2024-12-05 10:35:00-05:00,1.0,607.094970703125,606.2100219726562,-0.0070339444897099
2024-12-05 10:36:00-05:00,1.0,607.0650024414062,606.260009765625,-0.0071659489529006
2024-12-05 10:37:00-05:00,1.0,607.0700073242188,606.2698974609375,-0.0071865244674737
2024-12-05 10:38:00-05:00,1.0,607.0399169921875,606.0900268554688,-0.0069265073551292
2024-12-05 10:39:00-05:00,1.0,606.9000244140625,606.0399780273438,-0.0070871251602193
2024-12-05 10:40:00-05:00,1.0,607.0399780273438,606.0999755859375,-0.0069615967179176
2024-12-05 10:41:00-05:00,1.0,606.8699951171875,606.1790161132812,-0.0073913573518897
2024-12-05 10:42:00-05:00,1.0,606.989990234375,606.0999755859375,-0.0070378212187958
2024-12-05 10:43:00-05:00,1.0,606.9771118164062,606.1417236328125,-0.0071717939616712
2024-12-05 10:44:00-05:00,1.0,607.1699829101562,606.1300048828125,-0.0068342327240592
2024-12-05 10:45:00-05:00,1.0,607.239990234375,606.155029296875,-0.0067725933176145
2024-12-05 10:46:00-05:00,1.0,607.1298828125,606.1600952148438,-0.0069563630966687
2024-12-05 10:47:00-05:00,1.0,607.1199951171875,605.9598999023438,-0.0066292747764238
2024-12-05 10:48:00-05:00,1.0,607.0800170898438,605.969970703125,-0.0066618995117146
2024-12-05 10:49:00-05:00,1.0,606.989990234375,605.9400024414062,-0.0067671753164699
2024-12-05 10:50:00-05:00,1.0,607.0599975585938,605.7999877929688,-0.0064325894833038
2024-12-05 10:51:00-05:00,1.0,607.0800170898438,605.739990234375,-0.0062877853913025
2024-12-05 10:52:00-05:00,1.0,607.0250244140625,605.8400268554688,-0.006550292146333
2024-12-05 10:53:00-05:00,1.0,607.0150146484375,605.77001953125,-0.006457272641355
2024-12-05 10:54:00-05:00,1.0,607.0399780273438,605.7050170898438,-0.0063147713307891
2024-12-05 10:55:00-05:00,1.0,607.0399780273438,605.8200073242188,-0.0065049989049951
2024-12-05 10:56:00-05:00,1.0,607.0900268554688,605.8884887695312,-0.0065293989703408
2024-12-05 10:57:00-05:00,1.0,607.010009765625,606.0650024414062,-0.0069532492258883
2024-12-05 10:58:00-05:00,1.0,607.0025024414062,606.1199951171875,-0.0070502555907607
2024-12-05 11:00:00-05:00,1.0,606.9299926757812,606.2800903320312,-0.0074405493387238
2024-12-05 11:01:00-05:00,1.0,607.0308227539062,606.3300170898438,-0.0073566844469021
2024-12-05 11:02:00-05:00,1.0,607.0999755859375,606.260009765625,-0.0071270122442807
2024-12-05 11:03:00-05:00,1.0,607.0700073242188,606.281982421875,-0.0072127336780719
2024-12-05 11:04:00-05:00,1.0,606.9500122070312,606.3599853515625,-0.0075394363583966
2024-12-05 11:05:00-05:00,1.0,606.89501953125,606.3300170898438,-0.0075744102007467
2024-12-05 11:06:00-05:00,1.0,607.0081176757812,606.3499755859375,-0.007408333794272
2024-12-05 11:07:00-05:00,1.0,606.9603881835938,606.3400268554688,-0.0074768755143178
2024-12-05 11:08:00-05:00,1.0,606.9500122070312,606.280029296875,-0.007388678287621
2024-12-05 11:09:00-05:00,1.0,606.905029296875,606.27001953125,-0.0074463457986245
2024-12-05 11:10:00-05:00,1.0,606.8900146484375,606.3300170898438,-0.0075764145880793
2024-12-05 11:11:00-05:00,1.0,606.9688110351562,606.3699951171875,-0.0075124578676538
2024-12-05 11:13:00-05:00,1.0,606.9600219726562,606.3300170898438,-0.0074609538286818
2024-12-05 11:14:00-05:00,1.0,607.0,606.3599853515625,-0.0074507472229385
2024-12-05 11:15:00-05:00,1.0,606.969970703125,606.3099975585938,-0.0074177422280867
2024-12-05 11:17:00-05:00,1.0,607.1849975585938,606.3800048828125,-0.0071787117083361
2024-12-05 11:18:00-05:00,1.0,607.22998046875,606.4299926757812,-0.0071808241633318
2024-12-05 11:20:00-05:00,1.0,607.35009765625,606.4299926757812,-0.006982751526835
2024-12-05 11:21:00-05:00,1.0,607.3599853515625,606.4600830078125,-0.0070036392003133
2024-12-05 11:22:00-05:00,1.0,607.39501953125,606.4650268554688,-0.006960285357194
2024-12-05 11:23:00-05:00,1.0,607.4400024414062,606.364990234375,-0.0066958702586816
2024-12-05 11:24:00-05:00,1.0,607.4450073242188,606.3049926757812,-0.0065884840246097
2024-12-05 11:25:00-05:00,1.0,607.4799194335938,606.37939453125,-0.0066475885563245
2024-12-05 11:26:00-05:00,1.0,607.4749755859375,606.3599853515625,-0.0066299244486593
2024-12-05 11:27:00-05:00,1.0,607.5150146484375,606.3499145507812,-0.0065535020832081
2024-12-05 11:28:00-05:00,1.0,607.6264038085938,606.344970703125,-0.0063678769741088
2024-12-05 11:30:00-05:00,1.0,607.6199951171875,606.219970703125,-0.0061593169860419
2024-12-05 11:31:00-05:00,1.0,607.4901733398438,606.1799926757812,-0.006319877668526
2024-12-05 11:32:00-05:00,1.0,607.5050048828125,606.1799926757812,-0.0062891604423755
2024-12-05 11:33:00-05:00,1.0,607.52001953125,606.1500244140625,-0.0062335915210626
2024-12-05 11:34:00-05:00,1.0,607.4400024414062,606.4000244140625,-0.0067662467258021
2024-12-05 11:35:00-05:00,1.0,607.3699951171875,606.4099731445312,-0.0069106263457532
2024-12-05 11:36:00-05:00,1.0,607.4500122070312,606.3800048828125,-0.0067166678640413
2024-12-05 11:37:00-05:00,1.0,607.4199829101562,606.2999877929688,-0.006640237688047
2024-12-05 11:38:00-05:00,1.0,607.3809814453125,606.27001953125,-0.0066612960137028
2024-12-05 11:39:00-05:00,1.0,607.4000244140625,606.280029296875,-0.0066339268769104
2024-12-05 11:40:00-05:00,1.0,607.4000244140625,606.2200927734375,-0.0065286249875406
2024-12-05 11:41:00-05:00,1.0,607.439697265625,606.2000122070312,-0.0064549900467993
2024-12-05 11:42:00-05:00,1.0,607.4550170898438,606.1799926757812,-0.0063903740564385
2024-12-05 11:43:00-05:00,1.0,607.4199829101562,606.0800170898438,-0.0062766272067564
2024-12-05 11:44:00-05:00,1.0,607.4400024414062,606.10498046875,-0.0062911250164142
2024-12-05 11:45:00-05:00,1.0,607.4650268554688,606.1895141601562,-0.0063896016016568
2024-12-05 11:46:00-05:00,1.0,607.489990234375,606.1500244140625,-0.0062768825516087
2024-12-05 11:47:00-05:00,1.0,607.469970703125,606.3101196289062,-0.0065745332909359
2024-12-05 11:48:00-05:00,1.0,607.4400024414062,606.2799072265625,-0.0065740352768317
2024-12-05 11:49:00-05:00,1.0,607.4299926757812,606.3400268554688,-0.006689885176573
2024-12-05 11:50:00-05:00,1.0,607.47998046875,606.280029296875,-0.0064957971335182
2024-12-05 11:52:00-05:00,1.0,607.5449829101562,606.405029296875,-0.006601394856643
2024-12-05 11:53:00-05:00,1.0,607.5499877929688,606.4099731445312,-0.0065263095324546
2024-12-05 11:55:00-05:00,1.0,607.4749755859375,606.4000244140625,-0.0066960733367467
2024-12-05 11:56:00-05:00,1.0,607.4349975585938,606.4000244140625,-0.006762000160187
2024-12-05 11:57:00-05:00,1.0,607.4050903320312,606.39501953125,-0.006809302281107
2024-12-05 11:58:00-05:00,1.0,607.5750122070312,606.3800048828125,-0.0064980265021998
2024-12-05 11:59:00-05:00,1.0,607.7550048828125,606.3499755859375,-0.0061640580259799
2024-12-05 12:00:00-05:00,1.0,607.72998046875,606.2999877929688,-0.0061101936672072
2024-12-05 12:01:00-05:00,1.0,607.6500244140625,606.3098754882812,-0.0062459133718822
2024-12-05 12:02:00-05:00,1.0,607.7401123046875,606.3049926757812,-0.0060955070735972
2024-12-05 12:03:00-05:00,1.0,607.6950073242188,606.2899780273438,-0.0061513287200928
2024-12-05 12:04:00-05:00,1.0,607.8099975585938,606.3095092773438,-0.0059939607079131
2024-12-05 12:05:00-05:00,1.0,607.8101196289062,606.3499755859375,-0.0060606620940711
2024-12-05 12:06:00-05:00,1.0,607.7899780273438,606.3049926757812,-0.0060070117956288
2024-12-05 12:07:00-05:00,1.0,607.780029296875,606.3297119140625,-0.0060705384082875
2024-12-05 12:08:00-05:00,1.0,607.7899780273438,606.25,-0.0059223300579896
2024-12-05 12:09:00-05:00,1.0,607.9149780273438,606.280029296875,-0.0057658109265286
2024-12-05 12:10:00-05:00,1.0,608.0599975585938,606.3400268554688,-0.0056321061583507
2024-12-05 12:11:00-05:00,1.0,607.989990234375,606.3350219726562,-0.0057142882309363
2024-12-05 12:12:00-05:00,1.0,607.9700927734375,606.3400268554688,-0.0057491306927279
2024-12-05 12:13:00-05:00,1.0,608.0076904296875,606.3499755859375,-0.0056973258464645
2024-12-05 12:14:00-05:00,1.0,608.094970703125,606.3599853515625,-0.0055761875890951
2024-12-05 12:15:00-05:00,1.0,608.0650024414062,606.364501953125,-0.0056268304094668
2024-12-05 12:17:00-05:00,1.0,607.8800048828125,606.3699951171875,-0.0059472551366584
2024-12-05 12:18:00-05:00,1.0,607.9888916015625,606.280029296875,-0.0056188976675607
2024-12-05 12:19:00-05:00,1.0,608.0599975585938,606.3300170898438,-0.0055780505541713
2024-12-05 12:20:00-05:00,1.0,608.010009765625,606.364990234375,-0.0057245802936459
2024-12-05 12:21:00-05:00,1.0,608.030029296875,606.10009765625,-0.0052533202777265
2024-12-05 12:22:00-05:00,1.0,608.010009765625,606.2000122070312,-0.0054516908245696
2024-12-05 12:23:00-05:00,1.0,607.969970703125,606.3402709960938,-0.0057497357445366
2024-12-05 12:24:00-05:00,1.0,607.969970703125,606.340087890625,-0.0057494329481081
2024-12-05 12:25:00-05:00,1.0,607.9299926757812,606.3200073242188,-0.0057821606872374
2024-12-05 12:27:00-05:00,1.0,608.1400146484375,606.4400024414062,-0.00563423471376
2024-12-05 12:28:00-05:00,1.0,608.1300048828125,606.3599853515625,-0.0055121597334749
2024-12-05 12:29:00-05:00,1.0,608.0549926757812,606.3499755859375,-0.0056255643877388
2024-12-05 12:30:00-05:00,1.0,608.010009765625,606.2000122070312,-0.0054266908245696
2024-12-05 12:31:00-05:00,1.0,608.0650024414062,606.125,-0.0052118360422252
2024-12-05 12:32:00-05:00,1.0,607.969970703125,606.1599731445312,-0.0054264936010552
2024-12-05 12:33:00-05:00,1.0,608.010009765625,606.1400146484375,-0.0053274122776985
2024-12-05 12:34:00-05:00,1.0,608.0499877929688,606.090087890625,-0.0051850724634397
2024-12-05 12:35:00-05:00,1.0,608.0700073242188,606.1079711914062,-0.0051753933687247
2024-12-05 12:36:00-05:00,1.0,608.0599975585938,606.0787963867188,-0.0051498661788097
2024-12-05 12:37:00-05:00,1.0,608.02001953125,606.10009765625,-0.0052385853148692
2024-12-05 12:38:00-05:00,1.0,608.030029296875,606.135009765625,-0.0052923515892189
2024-12-05 12:39:00-05:00,1.0,608.0399780273438,606.1900024414062,-0.0053606918565354
2024-12-05 12:40:00-05:00,1.0,608.0999755859375,606.0797729492188,-0.0050792710639998
2024-12-05 12:41:00-05:00,1.0,608.1199951171875,605.9600219726562,-0.0048479527259081
2024-12-05 12:42:00-05:00,1.0,608.0599975585938,606.0001220703125,-0.0050071162155974
2024-12-05 12:43:00-05:00,1.0,608.0601196289062,606.0800170898438,-0.0051454354487379
2024-12-05 12:44:00-05:00,1.0,608.0549926757812,606.1300048828125,-0.0052303838038678
2024-12-05 12:45:00-05:00,1.0,608.094970703125,606.1300048828125,-0.005164427611266
2024-12-05 12:46:00-05:00,1.0,608.280029296875,606.1099853515625,-0.0048259691965847
2024-12-05 12:47:00-05:00,1.0,608.260009765625,606.0900268554688,-0.0048197020013435
2024-12-05 12:48:00-05:00,1.0,608.2899780273438,606.1500244140625,-0.0048633474146831
2024-12-05 12:49:00-05:00,1.0,608.3004150390625,606.3099975585938,-0.0051234120318261
2024-12-05 12:50:00-05:00,1.0,608.280029296875,606.4674072265625,-0.0053986797456654
2024-12-05 12:51:00-05:00,1.0,608.3049926757812,606.4099731445312,-0.0052625191864038
2024-12-05 12:52:00-05:00,1.0,608.4000244140625,606.4600219726562,-0.0051886041600138
2024-12-05 12:53:00-05:00,1.0,608.4400024414062,606.4550170898438,-0.0051269042292902
2024-12-05 12:54:00-05:00,1.0,608.405029296875,606.4600219726562,-0.0052053515421475
2024-12-05 12:55:00-05:00,1.0,608.35498046875,606.4400024414062,-0.0052547630109583
2024-12-05 12:56:00-05:00,1.0,608.3800048828125,606.47998046875,-0.0052858775635611
2024-12-05 12:57:00-05:00,1.0,608.2899780273438,606.469970703125,-0.005424014935383
2024-12-05 12:58:00-05:00,1.0,608.3900146484375,606.4099731445312,-0.0051598137537402
2024-12-05 12:59:00-05:00,1.0,608.3704833984375,606.4000244140625,-0.0051818124916836
2024-12-05 13:00:00-05:00,1.0,608.3800048828125,606.3065185546875,-0.0050113851879445
2024-12-05 13:01:00-05:00,1.0,608.2999877929688,606.3099975585938,-0.0051491166979135
2024-12-05 13:02:00-05:00,1.0,608.280029296875,606.35009765625,-0.0052046331247659
2024-12-05 13:03:00-05:00,1.0,608.22998046875,606.3400268554688,-0.0053142636069315
2024-12-05 13:04:00-05:00,1.0,608.2100219726562,606.3499755859375,-0.005351138123012
2024-12-05 13:05:00-05:00,1.0,608.1599731445312,606.3099975585938,-0.0054175458414231
2024-12-05 13:06:00-05:00,1.0,608.260009765625,606.27001953125,-0.0051426502708915
2024-12-05 13:07:00-05:00,1.0,608.2999877929688,606.3099975585938,-0.0051366166979135
2024-12-05 13:08:00-05:00,1.0,608.2409057617188,606.3099975585938,-0.0052465619511469
2024-12-05 13:10:00-05:00,1.0,608.2249755859375,606.4199829101562,-0.0054172770494892
2024-12-05 13:11:00-05:00,1.0,608.2949829101562,606.3800048828125,-0.0052669505723744
2024-12-05 13:12:00-05:00,1.0,608.22998046875,606.3499755859375,-0.0052682223204271
2024-12-05 13:13:00-05:00,1.0,608.2349853515625,606.2993774414062,-0.0051762547044835
2024-12-05 13:14:00-05:00,1.0,608.219970703125,606.27001953125,-0.0051336919045037
2024-12-05 13:15:00-05:00,1.0,608.2199096679688,606.3200073242188,-0.005222752307693
2024-12-05 13:16:00-05:00,1.0,608.1599731445312,606.2919921875,-0.0052690077040411
2024-12-05 13:17:00-05:00,1.0,608.010009765625,606.3198852539062,-0.0055687370834295
2024-12-05 13:18:00-05:00,1.0,607.9201049804688,606.25,-0.0055889376610824
2024-12-05 13:19:00-05:00,1.0,607.780029296875,606.239990234375,-0.0058159374384604
2024-12-05 13:20:00-05:00,1.0,607.8099975585938,606.260009765625,-0.0058058613169241
2024-12-05 13:21:00-05:00,1.0,607.5850219726562,606.260009765625,-0.0061831989399136
2024-12-05 13:22:00-05:00,1.0,607.419921875,606.1699829101562,-0.0062879728457636
2024-12-05 13:23:00-05:00,1.0,607.1900024414062,606.0900268554688,-0.0065851283848961
2024-12-05 13:24:00-05:00,1.0,606.9099731445312,606.030517578125,-0.0069175762704643
2024-12-05 13:25:00-05:00,1.0,607.0399780273438,606.0599975585938,-0.0067830306030794
2024-12-05 13:27:00-05:00,1.0,607.280029296875,605.9000244140625,-0.0062036384680528
2024-12-05 13:28:00-05:00,1.0,607.2100219726562,605.869873046875,-0.0062693081534088
2024-12-05 13:29:00-05:00,1.0,607.2000122070312,605.869873046875,-0.0062795794661037
2024-12-05 13:30:00-05:00,1.0,607.1099243164062,605.5700073242188,-0.0058570784986664
2024-12-05 13:31:00-05:00,1.0,607.1900024414062,605.52001953125,-0.0056545682119659
2024-12-05 13:32:00-05:00,1.0,607.1300048828125,605.280029296875,-0.0053561037926337
2024-12-05 13:34:00-05:00,1.0,607.592529296875,605.364990234375,-0.0047453371545526
2024-12-05 13:35:00-05:00,1.0,607.6300048828125,605.4199829101562,-0.0047683551748522
2024-12-05 13:36:00-05:00,1.0,607.530029296875,605.4071044921875,-0.0048558929765026
2024-12-05 13:37:00-05:00,1.0,607.5599975585938,605.4000244140625,-0.0049134055047478
2024-12-05 13:38:00-05:00,1.0,607.5599975585938,605.5451049804688,-0.005085097034386
2024-12-05 13:39:00-05:00,1.0,607.6300048828125,605.6798706054688,-0.0051302557555787
2024-12-05 13:40:00-05:00,1.0,607.6799926757812,605.7600708007812,-0.0051993072328959
2024-12-05 13:41:00-05:00,1.0,607.75,605.75,-0.0050608078827899
2024-12-05 13:42:00-05:00,1.0,607.780029296875,605.5698852539062,-0.0046815572117893
2024-12-05 13:43:00-05:00,1.0,607.719970703125,605.6699829101562,-0.0049715886319083
2024-12-05 13:44:00-05:00,1.0,607.760009765625,605.739990234375,-0.0049964536124139
2024-12-05 13:45:00-05:00,1.0,607.760009765625,605.7849731445312,-0.0051022068123996
2024-12-05 13:46:00-05:00,1.0,607.75,605.8699951171875,-0.0052407660299011
2024-12-05 13:48:00-05:00,1.0,607.7449951171875,605.9100952148438,-0.0052904130951772
2024-12-05 13:49:00-05:00,1.0,607.6799926757812,605.9349975585938,-0.005432661198448
2024-12-05 13:50:00-05:00,1.0,607.510009765625,605.9199829101562,-0.0056820968109401
2024-12-05 13:51:00-05:00,1.0,607.4400024414062,606.0399780273438,-0.0059961310890008
2024-12-05 13:52:00-05:00,1.0,607.3699951171875,606.030029296875,-0.0060951948450811
2024-12-05 13:53:00-05:00,1.0,607.4400024414062,606.14501953125,-0.0061885757641666
2024-12-05 13:54:00-05:00,1.0,607.3900146484375,606.3201293945312,-0.0065916949373557
2024-12-05 13:55:00-05:00,1.0,607.2999877929688,606.35009765625,-0.006783429564223
2024-12-05 13:56:00-05:00,1.0,607.3200073242188,606.4299926757812,-0.0069136203326241
2024-12-05 13:57:00-05:00,1.0,607.3599853515625,606.4149780273438,-0.0068291491042275
2024-12-05 13:58:00-05:00,1.0,607.3699951171875,606.3699951171875,-0.0067258418819326
2024-12-05 13:59:00-05:00,1.0,607.4580078125,605.9801025390625,-0.0059486323420603
2024-12-05 14:00:00-05:00,1.0,607.3499755859375,606.219970703125,-0.0065234820899633
2024-12-05 14:01:00-05:00,1.0,607.219970703125,606.219970703125,-0.0067379337561823
2024-12-05 14:02:00-05:00,1.0,607.0,606.2401123046875,-0.0071340565542608
2024-12-05 14:03:00-05:00,1.0,607.0800170898438,606.27001953125,-0.0070577156712366
2024-12-05 14:05:00-05:00,1.0,607.1300048828125,606.2899780273438,-0.0070019800575429
2024-12-05 14:06:00-05:00,1.0,606.97998046875,606.3099975585938,-0.007307482908324
2024-12-05 14:07:00-05:00,1.0,607.1500854492188,606.260009765625,-0.0069256081643908
2024-12-05 14:08:00-05:00,1.0,607.4000244140625,606.3200073242188,-0.0065999842050445
2024-12-05 14:09:00-05:00,1.0,607.5,606.3380126953125,-0.0064835981245473
2024-12-05 14:10:00-05:00,1.0,607.5,606.3400268554688,-0.0064619263232596
2024-12-05 14:11:00-05:00,1.0,607.3599853515625,606.3681030273438,-0.006764224108645
2024-12-05 14:12:00-05:00,1.0,607.2999877929688,606.3099975585938,-0.0067234380088381
2024-12-05 14:13:00-05:00,1.0,607.3900146484375,606.2999877929688,-0.0065646657967755
2024-12-05 14:14:00-05:00,1.0,607.3599853515625,606.3499755859375,-0.0066967792012995
2024-12-05 14:16:00-05:00,1.0,607.3800048828125,606.3900146484375,-0.0067424034689556
2024-12-05 14:17:00-05:00,1.0,607.35498046875,606.4299926757812,-0.0068559497936441
2024-12-05 14:18:00-05:00,1.0,607.330078125,606.5050048828125,-0.0070083766551058
2024-12-05 14:19:00-05:00,1.0,607.3499755859375,606.6199951171875,-0.0071716429154565
2024-12-05 14:20:00-05:00,1.0,607.4500122070312,606.6900024414062,-0.0071222848364624
2024-12-05 14:21:00-05:00,1.0,607.530029296875,606.6900024414062,-0.0069841436077925
2024-12-05 14:22:00-05:00,1.0,607.5698852539062,606.719970703125,-0.00697416503194
2024-12-05 14:23:00-05:00,1.0,607.6099853515625,606.8107299804688,-0.0070516088691576
2024-12-05 14:24:00-05:00,1.0,607.589599609375,606.8200073242188,-0.0070817618472242
2024-12-05 14:25:00-05:00,1.0,607.5449829101562,606.7520141601562,-0.0070618425130959
2024-12-05 14:26:00-05:00,1.0,607.52001953125,606.7910766601562,-0.0071424421707782
2024-12-05 14:27:00-05:00,1.0,607.510009765625,606.7150268554688,-0.0070396930602221
2024-12-05 14:28:00-05:00,1.0,607.4000244140625,606.7412109375,-0.0072641771406222
2024-12-05 14:29:00-05:00,1.0,607.1799926757812,606.7800903320312,-0.007703443531072
2024-12-05 14:30:00-05:00,1.0,607.1300048828125,606.7899780273438,-0.0078021300733671
2024-12-05 14:31:00-05:00,1.0,607.3499755859375,606.8300170898438,-0.0075306562687236
2024-12-05 14:32:00-05:00,1.0,607.280029296875,606.8900146484375,-0.007719855304876
2024-12-05 14:33:00-05:00,1.0,607.1599731445312,606.8250122070312,-0.007860510660797
2024-12-05 14:34:00-05:00,1.0,607.1334838867188,606.9400024414062,-0.0080874681689553
2024-12-05 14:35:00-05:00,1.0,607.3099975585938,606.9400024414062,-0.0078091425994345
2024-12-05 14:36:00-05:00,1.0,607.3275756835938,606.9500122070312,-0.00778418315929
2024-12-05 14:37:00-05:00,1.0,607.3900146484375,607.030029296875,-0.007813222745682
2024-12-05 14:38:00-05:00,1.0,607.330078125,606.969970703125,-0.0078129629524417
2024-12-05 14:39:00-05:00,1.0,607.469970703125,606.989990234375,-0.0076154948368635
2024-12-05 14:40:00-05:00,1.0,607.4099731445312,606.9600219726562,-0.0076524307111074
2024-12-05 14:41:00-05:00,1.0,607.3699951171875,607.02001953125,-0.0078172029757226
2024-12-05 14:42:00-05:00,1.0,607.2899780273438,606.7899780273438,-0.0075572416641578
2024-12-05 14:43:00-05:00,1.0,607.25,606.780029296875,-0.0076192177470687
2024-12-05 14:44:00-05:00,1.0,607.260009765625,606.9400024414062,-0.0078602529526287
2024-12-05 14:45:00-05:00,1.0,607.2902221679688,606.8699951171875,-0.0076950501274369
2024-12-05 14:46:00-05:00,1.0,607.25,606.9000244140625,-0.0078295889819428
2024-12-05 14:47:00-05:00,1.0,607.239990234375,606.8599853515625,-0.007773817862464
2024-12-05 14:48:00-05:00,1.0,607.1599731445312,606.89501953125,-0.0079634276032024
2024-12-05 14:49:00-05:00,1.0,607.1868896484375,606.8800048828125,-0.0079130738149949
2024-12-05 14:50:00-05:00,1.0,607.2000122070312,606.8410034179688,-0.0078083972786274
2024-12-05 14:51:00-05:00,1.0,607.1298828125,606.8800048828125,-0.0079945080943892
2024-12-05 14:53:00-05:00,1.0,607.1400146484375,606.8499755859375,-0.0079220580470157
2024-12-05 14:54:00-05:00,1.0,607.1998901367188,606.7899780273438,-0.0077119580098247
2024-12-05 14:55:00-05:00,1.0,607.1749877929688,606.8599853515625,-0.007862180611657
2024-12-05 14:56:00-05:00,1.0,607.1699829101562,606.8699951171875,-0.0078806803015762
2024-12-05 14:57:00-05:00,1.0,607.2100219726562,606.8699951171875,-0.0078272039593247
2024-12-05 14:58:00-05:00,1.0,607.1898803710938,606.9400024414062,-0.0079757987961209
2024-12-05 14:59:00-05:00,1.0,607.2100219726562,606.915771484375,-0.0078964207994643
2024-12-05 15:00:00-05:00,1.0,607.0900268554688,606.9000244140625,-0.0080869295868134
2024-12-05 15:02:00-05:00,1.0,607.0899047851562,606.97998046875,-0.0081938996013981
2024-12-05 15:03:00-05:00,1.0,607.1046752929688,607.0,-0.0082400530593595
2024-12-05 15:04:00-05:00,1.0,607.1199951171875,607.0700073242188,-0.0083301572843895
2024-12-05 15:05:00-05:00,1.0,607.260009765625,607.0800170898438,-0.0081097607881756
2024-12-05 15:06:00-05:00,1.0,607.389892578125,607.2050170898438,-0.0081017803677046
2024-12-05 15:07:00-05:00,1.0,607.3400268554688,607.239990234375,-0.0082602601562766
2024-12-05 15:08:00-05:00,1.0,607.2901000976562,607.25,-0.0083089644336661
2024-12-05 15:09:00-05:00,1.0,607.3499755859375,607.2949829101562,-0.0083156965172135
2024-12-05 15:10:00-05:00,1.0,607.3099975585938,607.4400024414062,-0.0085827709441096
2024-12-05 15:11:00-05:00,1.0,607.1500854492188,607.4400024414062,-0.0088585267532962
2024-12-05 15:13:00-05:00,1.0,607.1201782226562,607.30126953125,-0.008685690235521
2024-12-05 15:14:00-05:00,1.0,606.969970703125,607.2999877929688,-0.0089496669215828
2024-12-05 15:15:00-05:00,1.0,607.0900268554688,607.2999877929688,-0.0087332285389763
2024-12-05 15:17:00-05:00,1.0,606.9600219726562,607.3300170898438,-0.0090404659234289
2024-12-05 15:18:00-05:00,1.0,606.9299926757812,607.3200073242188,-0.0090421896919811
2024-12-05 15:19:00-05:00,1.0,606.9315795898438,607.3499755859375,-0.0091013878124842
2024-12-05 15:20:00-05:00,1.0,606.9550170898438,607.3699951171875,-0.0091019876157529
2024-12-05 15:21:00-05:00,1.0,607.0449829101562,607.3699951171875,-0.0089413640320465
2024-12-05 15:22:00-05:00,1.0,607.0800170898438,607.364990234375,-0.0088879458692273
2024-12-05 15:23:00-05:00,1.0,607.1099853515625,607.302490234375,-0.0087482335228869
2024-12-05 15:24:00-05:00,1.0,607.0001220703125,607.3200073242188,-0.0089579661464276
2024-12-05 15:25:00-05:00,1.0,606.9298706054688,607.3200073242188,-0.0090423906903197
2024-12-05 15:26:00-05:00,1.0,606.8400268554688,607.4249877929688,-0.0093630175729605
2024-12-05 15:27:00-05:00,1.0,606.6599731445312,607.361328125,-0.0095610073873923
2024-12-05 15:28:00-05:00,1.0,606.7949829101562,607.3599853515625,-0.0093490095742773
2024-12-05 15:29:00-05:00,1.0,606.7349853515625,607.3099975585938,-0.0093530682795323
2024-12-05 15:30:00-05:00,1.0,606.719970703125,607.260009765625,-0.0093205545051796
2024-12-05 15:32:00-05:00,1.0,606.7199096679688,607.2949829101562,-0.0093656921918023
2024-12-05 15:33:00-05:00,1.0,606.6950073242188,607.3350219726562,-0.0094663082364469
2024-12-05 15:34:00-05:00,1.0,606.9299926757812,607.3798828125,-0.0091594563510821
2024-12-05 15:35:00-05:00,1.0,607.0250244140625,607.39501953125,-0.0090341507261173
2024-12-05 15:36:00-05:00,1.0,607.0150146484375,607.4450073242188,-0.0091141209522617
2024-12-05 15:38:00-05:00,1.0,607.2000122070312,607.4550170898438,-0.0088260422078809
2024-12-05 15:39:00-05:00,1.0,607.25,607.5999755859375,-0.0089322467083606
2024-12-05 15:40:00-05:00,1.0,607.1799926757812,607.6500244140625,-0.0092172737709148
2024-12-05 15:41:00-05:00,1.0,607.25,607.6300048828125,-0.0089691386078021
2024-12-05 15:42:00-05:00,1.0,607.2349853515625,607.6199951171875,-0.0089586357735409
2024-12-05 15:43:00-05:00,1.0,607.0700073242188,607.6124877929688,-0.009230306648396
2024-12-05 15:44:00-05:00,1.0,607.1900024414062,607.625,-0.0090596480598127
2024-12-05 15:45:00-05:00,1.0,607.3410034179688,607.6298828125,-0.008812919992832
2024-12-05 15:46:00-05:00,1.0,607.3198852539062,607.5800170898438,-0.0087593941598153
2024-12-05 15:47:00-05:00,1.0,607.2849731445312,607.6300048828125,-0.0089178319627217
2024-12-05 15:48:00-05:00,1.0,607.3699951171875,607.72998046875,-0.0089110942369666
2024-12-05 15:49:00-05:00,1.0,607.2100219726562,607.780029296875,-0.0092378513553302
2024-12-05 15:50:00-05:00,1.0,607.2000122070312,607.7349853515625,-0.0091927737334954
2024-12-05 15:51:00-05:00,1.0,607.1500244140625,607.7000122070312,-0.0092237817293417
2024-12-05 15:53:00-05:00,1.0,607.0399780273438,607.5850219726562,-0.0092158161316549
2024-12-05 15:54:00-05:00,1.0,606.9299926757812,607.5999755859375,-0.0094589210616802
2024-12-05 15:55:00-05:00,1.0,606.6649780273438,607.52001953125,-0.0097636793462229
2024-12-05 15:56:00-05:00,1.0,606.510009765625,607.5399780273438,-0.0100578094429489
2024-12-05 15:57:00-05:00,1.0,606.3876953125,607.6699829101562,-0.0105101710364486
2024-12-05 15:58:00-05:00,1.0,606.489990234375,607.510009765625,-0.0099852668307572
2024-12-05 15:59:00-05:00,1.0,606.4149780273438,607.5800170898438,-0.010342507208483
2024-12-06 09:30:00-05:00,1.0,607.760009765625,607.8099975585938,-0.008238492465852
2024-12-06 09:31:00-05:00,1.0,607.7150268554688,607.75,-0.0081950452810057
2024-12-06 09:32:00-05:00,1.0,607.875,607.7000122070312,-0.0078682990547083
2024-12-06 09:33:00-05:00,1.0,608.1300048828125,607.771728515625,-0.0075605083366372
2024-12-06 09:34:00-05:00,1.0,608.2899780273438,607.7550048828125,-0.0072510052628391
2024-12-06 09:35:00-05:00,1.0,608.1699829101562,607.6799926757812,-0.0073499206156517
2024-12-06 09:36:00-05:00,1.0,608.0999145507812,607.5800170898438,-0.0072818144173376
2024-12-06 09:37:00-05:00,1.0,608.0399780273438,607.469970703125,-0.0071991699561971
2024-12-06 09:38:00-05:00,1.0,608.0900268554688,607.4400024414062,-0.0070861452794515
2024-12-06 09:39:00-05:00,1.0,608.2138061523438,607.4981079101562,-0.0069843922283567
2024-12-06 09:40:00-05:00,1.0,608.2050170898438,607.4749755859375,-0.0069544860866765
2024-12-06 09:41:00-05:00,1.0,608.0352783203125,607.4000244140625,-0.0070978924420211
2024-12-06 09:42:00-05:00,1.0,608.0599975585938,607.4301147460938,-0.0071317865745641
2024-12-06 09:43:00-05:00,1.0,608.139892578125,607.5449829101562,-0.0071895473323734
2024-12-06 09:44:00-05:00,1.0,608.219970703125,607.635009765625,-0.0072185652828609
2024-12-06 09:45:00-05:00,1.0,608.2017822265625,607.7410888671875,-0.0074107078537404
2024-12-06 09:46:00-05:00,1.0,608.47998046875,607.739990234375,-0.0069323900907201
2024-12-06 09:47:00-05:00,1.0,608.7550048828125,607.7000122070312,-0.0064264581132313
2024-12-06 09:48:00-05:00,1.0,608.8599853515625,607.719970703125,-0.0062928619209584
2024-12-06 09:49:00-05:00,1.0,608.8400268554688,607.5413208007812,-0.0060248576533432
2024-12-06 09:50:00-05:00,1.0,608.5673217773438,607.5650024414062,-0.0064940181492353
2024-12-06 09:51:00-05:00,1.0,609.010009765625,607.5399780273438,-0.0057303539002414
2024-12-06 09:52:00-05:00,1.0,608.8900146484375,607.5,-0.0058681600437242
2024-12-06 09:53:00-05:00,1.0,608.8699951171875,607.530029296875,-0.0059444039706756
2024-12-06 09:54:00-05:00,1.0,608.7100219726562,607.5499877929688,-0.0062156358275118
2024-12-06 09:55:00-05:00,1.0,608.75,607.5700073242188,-0.006182849035409
2024-12-06 09:56:00-05:00,1.0,608.72998046875,607.530029296875,-0.0061498693661056
2024-12-06 09:57:00-05:00,1.0,608.611083984375,607.52001953125,-0.006366568313721
2024-12-06 09:58:00-05:00,1.0,608.7608032226562,607.510009765625,-0.0060911146533802
2024-12-06 10:00:00-05:00,1.0,608.739990234375,607.8699951171875,-0.0067375309495848
2024-12-06 10:01:00-05:00,1.0,608.739990234375,608.0,-0.0069579107987253
2024-12-06 10:02:00-05:00,1.0,608.6900024414062,608.030029296875,-0.0070833214640205
2024-12-06 10:03:00-05:00,1.0,608.6199951171875,608.1900024414062,-0.0074429961458505
2024-12-06 10:05:00-05:00,1.0,608.52001953125,607.992919921875,-0.0072955497574828
2024-12-06 10:06:00-05:00,1.0,608.6199951171875,607.8599853515625,-0.0068996960090481
2024-12-06 10:08:00-05:00,1.0,608.8406982421875,607.9600219726562,-0.0067639240448348
2024-12-06 10:09:00-05:00,1.0,608.760009765625,607.9205932617188,-0.0068192004133262
2024-12-06 10:10:00-05:00,1.0,608.72998046875,607.75,-0.0066062769950637
2024-12-06 10:11:00-05:00,1.0,609.0109252929688,607.5499877929688,-0.0058141124732886
2024-12-06 10:12:00-05:00,1.0,608.9249877929688,607.6099853515625,-0.0060545287509937
2024-12-06 10:13:00-05:00,1.0,608.77001953125,607.6500244140625,-0.0063630918132337
2024-12-06 10:14:00-05:00,1.0,608.6500244140625,607.5399780273438,-0.0063728833873237
2024-12-06 10:15:00-05:00,1.0,608.5900268554688,607.530029296875,-0.0064614842971086
2024-12-06 10:16:00-05:00,1.0,608.669921875,607.510009765625,-0.0063032111146654
2024-12-06 10:17:00-05:00,1.0,608.5582885742188,607.625,-0.006676538553024
2024-12-06 10:18:00-05:00,1.0,608.8800048828125,607.6599731445312,-0.0061984960056603
2024-12-06 10:19:00-05:00,1.0,608.9498901367188,607.635009765625,-0.0060485687749033
2024-12-06 10:20:00-05:00,1.0,608.85498046875,607.5700073242188,-0.0060913115911895
2024-12-06 10:21:00-05:00,1.0,608.8300170898438,607.4000244140625,-0.005858215149319
2024-12-06 10:22:00-05:00,1.0,608.7849731445312,607.3803100585938,-0.0058810917483652
2024-12-06 10:23:00-05:00,1.0,608.77001953125,607.344970703125,-0.0058598918397023
2024-12-06 10:25:00-05:00,1.0,608.6594848632812,607.1799926757812,-0.005757088375199
2024-12-06 10:26:00-05:00,1.0,608.8300170898438,607.1599731445312,-0.0054556669260479
2024-12-06 10:27:00-05:00,1.0,608.8499755859375,607.1599731445312,-0.0054352950356458
2024-12-06 10:28:00-05:00,1.0,608.9349975585938,607.259521484375,-0.0054471725134531
2024-12-06 10:29:00-05:00,1.0,608.8699951171875,607.1099853515625,-0.0053072534292125
2024-12-06 10:30:00-05:00,1.0,608.7100219726562,607.0900268554688,-0.0055377905532544
2024-12-06 10:31:00-05:00,1.0,608.7150268554688,607.0900268554688,-0.0055232964995044
2024-12-06 10:32:00-05:00,1.0,608.7449951171875,607.1199951171875,-0.0055484286251989
2024-12-06 10:33:00-05:00,1.0,608.6799926757812,607.1199951171875,-0.0056617455014821
2024-12-06 10:34:00-05:00,1.0,608.6199951171875,607.125,-0.005737582677064
2024-12-06 10:35:00-05:00,1.0,608.77001953125,607.0399780273438,-0.0053500369555095
2024-12-06 10:36:00-05:00,1.0,608.8800048828125,607.0599975585938,-0.0052019317175596
2024-12-06 10:37:00-05:00,1.0,608.89990234375,607.0549926757812,-0.005160885438341
2024-12-06 10:38:00-05:00,1.0,608.8900146484375,606.9349975585938,-0.0049851190754234
2024-12-06 10:39:00-05:00,1.0,608.8800048828125,606.8800048828125,-0.0048919556025763
2024-12-06 10:40:00-05:00,1.0,608.6699829101562,606.9000244140625,-0.0052711078021209
2024-12-06 10:41:00-05:00,1.0,608.719970703125,606.9000244140625,-0.0051824920236437
2024-12-06 10:42:00-05:00,1.0,608.6900024414062,606.989990234375,-0.005386774725478
2024-12-06 10:43:00-05:00,1.0,608.6900024414062,607.0192260742188,-0.0054288225719711
2024-12-06 10:44:00-05:00,1.0,608.6599731445312,607.1900024414062,-0.0057665597717114
2024-12-06 10:46:00-05:00,1.0,608.5900268554688,607.0999755859375,-0.0057206245602824
2024-12-06 10:47:00-05:00,1.0,608.639892578125,607.1099853515625,-0.0056675163669247
2024-12-06 10:48:00-05:00,1.0,608.4982299804688,607.0421142578125,-0.0057950437348893
2024-12-06 10:49:00-05:00,1.0,608.6500244140625,607.030029296875,-0.0055250268083912
2024-12-06 10:50:00-05:00,1.0,608.5999755859375,606.97998046875,-0.0055185567575285
2024-12-06 10:51:00-05:00,1.0,608.3499755859375,607.0499877929688,-0.0060460160709827
2024-12-06 10:52:00-05:00,1.0,608.4400024414062,607.0598754882812,-0.0059202889974672
2024-12-06 10:53:00-05:00,1.0,608.4400024414062,607.0449829101562,-0.005901950315836
2024-12-06 10:54:00-05:00,1.0,608.4000244140625,607.1087036132812,-0.0060417490311524
2024-12-06 10:55:00-05:00,1.0,608.4299926757812,606.989990234375,-0.0058151339567803
2024-12-06 10:56:00-05:00,1.0,608.5999755859375,607.02001953125,-0.0055971928373835
2024-12-06 10:57:00-05:00,1.0,608.7050170898438,606.9849853515625,-0.005347519710469
2024-12-06 10:58:00-05:00,1.0,608.75,606.97998046875,-0.0052776414161829
2024-12-06 10:59:00-05:00,1.0,608.7000122070312,606.9500122070312,-0.005297981254957
2024-12-06 11:01:00-05:00,1.0,608.6900024414062,607.1199951171875,-0.0055640082078573
2024-12-06 11:02:00-05:00,1.0,608.6699829101562,607.1126098632812,-0.0055910371851554
2024-12-06 11:03:00-05:00,1.0,608.5750122070312,607.0549926757812,-0.0056585760563881
2024-12-06 11:04:00-05:00,1.0,608.4650268554688,606.9299926757812,-0.0056208216792517
2024-12-06 11:05:00-05:00,1.0,608.5598754882812,606.8599853515625,-0.0053551258894129
2024-12-06 11:07:00-05:00,1.0,608.6300048828125,606.989990234375,-0.0054481191208701
2024-12-06 11:08:00-05:00,1.0,608.3200073242188,606.9600219726562,-0.0058968493766814
2024-12-06 11:09:00-05:00,1.0,608.0549926757812,606.9199829101562,-0.0062736356561244
2024-12-06 11:10:00-05:00,1.0,608.1500244140625,606.9613037109375,-0.0062040214349626
2024-12-06 11:11:00-05:00,1.0,608.1500244140625,606.9500122070312,-0.0062166313198838
2024-12-06 11:12:00-05:00,1.0,608.0900268554688,606.9500122070312,-0.0062967322258679
2024-12-06 11:13:00-05:00,1.0,607.6500244140625,606.989990234375,-0.0070688610968771
2024-12-06 11:15:00-05:00,1.0,607.9400024414062,607.125,-0.0067888535554354
2024-12-06 11:16:00-05:00,1.0,608.1300048828125,607.239990234375,-0.0067155780041652
2024-12-06 11:17:00-05:00,1.0,608.1300048828125,607.1901245117188,-0.0066520822504325
2024-12-06 11:18:00-05:00,1.0,607.9650268554688,607.27001953125,-0.007030521758253
2024-12-06 11:19:00-05:00,1.0,607.89990234375,607.3099975585938,-0.0071724095189809
2024-12-06 11:20:00-05:00,1.0,607.7901000976562,607.3350219726562,-0.0074069467183913
2024-12-06 11:21:00-05:00,1.0,607.8599853515625,607.344970703125,-0.0073145228646311
2024-12-06 11:22:00-05:00,1.0,607.6099853515625,607.4498901367188,-0.0079051970428865
2024-12-06 11:24:00-05:00,1.0,607.7061767578125,607.510009765625,-0.0078458466913562
2024-12-06 11:26:00-05:00,1.0,607.7899780273438,607.5050048828125,-0.0076934122686384
2024-12-06 11:27:00-05:00,1.0,607.8099975585938,607.5150146484375,-0.0076706934243704
2024-12-06 11:28:00-05:00,1.0,607.8499755859375,607.6264038085938,-0.0078008071720675
2024-12-06 11:29:00-05:00,1.0,608.02001953125,607.6300048828125,-0.0075143879370613
2024-12-06 11:30:00-05:00,1.0,607.9749755859375,607.5900268554688,-0.0074914334280451
2024-12-06 11:31:00-05:00,1.0,608.1900024414062,607.5,-0.0069704435120884
2024-12-06 11:32:00-05:00,1.0,608.2000122070312,607.5001220703125,-0.0069666677019198
2024-12-06 11:33:00-05:00,1.0,608.0999755859375,607.530029296875,-0.0071681131811136
2024-12-06 11:34:00-05:00,1.0,608.1300048828125,607.4400024414062,-0.0069453313271549
2024-12-06 11:35:00-05:00,1.0,608.1199951171875,607.4249877929688,-0.0069370637413081
2024-12-06 11:36:00-05:00,1.0,608.2000122070312,607.4550170898438,-0.0069298297775503
2024-12-06 11:37:00-05:00,1.0,608.22998046875,607.3400268554688,-0.0066159199148267
2024-12-06 11:38:00-05:00,1.0,608.1799926757812,607.4000244140625,-0.0067971403023239
2024-12-06 11:39:00-05:00,1.0,608.1599731445312,607.405029296875,-0.0068320997748731
2024-12-06 11:40:00-05:00,1.0,608.114990234375,607.4149780273438,-0.0069225552425384
2024-12-06 11:41:00-05:00,1.0,608.219970703125,607.4299926757812,-0.0067682247759098
2024-12-06 11:42:00-05:00,1.0,608.1798706054688,607.4500122070312,-0.0068797381327342
2024-12-06 11:43:00-05:00,1.0,608.0700073242188,607.39208984375,-0.00695263819709
2024-12-06 11:44:00-05:00,1.0,608.1099853515625,607.4201049804688,-0.0069517450827077
2024-12-06 11:45:00-05:00,1.0,608.0599975585938,607.469970703125,-0.007097464366266
2024-12-06 11:46:00-05:00,1.0,608.0178833007812,607.4450073242188,-0.0071381589059007
2024-12-06 11:47:00-05:00,1.0,607.880126953125,607.510009765625,-0.0074720136391986
2024-12-06 11:48:00-05:00,1.0,607.8599853515625,607.4400024414062,-0.0073836018232775
2024-12-06 11:50:00-05:00,1.0,607.9390869140625,607.5200805664062,-0.0073915504146536
2024-12-06 11:51:00-05:00,1.0,607.8499755859375,607.5598754882812,-0.0076412660360975
2024-12-06 11:52:00-05:00,1.0,607.7899780273438,607.5650024414062,-0.0077484594384412
2024-12-06 11:53:00-05:00,1.0,607.8101196289062,607.510009765625,-0.0076372501342248
2024-12-06 11:54:00-05:00,1.0,607.8051147460938,607.47998046875,-0.0076022819059109
2024-12-06 11:56:00-05:00,1.0,607.9299926757812,607.364990234375,-0.0072009980913606
2024-12-06 11:57:00-05:00,1.0,607.969970703125,607.5050048828125,-0.007372130469584
2024-12-06 11:59:00-05:00,1.0,607.9199829101562,607.739990234375,-0.0078350827596118
2024-12-06 12:00:00-05:00,1.0,607.7550048828125,607.739990234375,-0.0080877942892046
2024-12-06 12:01:00-05:00,1.0,607.7100219726562,607.6699829101562,-0.0080528605145456
2024-12-06 12:02:00-05:00,1.0,607.7100830078125,607.7100219726562,-0.0081186495653287
2024-12-06 12:03:00-05:00,1.0,607.5700073242188,607.77001953125,-0.0084603419272153
2024-12-06 12:04:00-05:00,1.0,607.4000244140625,607.760009765625,-0.0087173149693599
2024-12-06 12:05:00-05:00,1.0,607.3250122070312,607.8101196289062,-0.0089481233056323
2024-12-06 12:06:00-05:00,1.0,607.4000244140625,607.7899780273438,-0.0087728427004043
2024-12-06 12:07:00-05:00,1.0,607.4299926757812,607.7999877929688,-0.0087774948578783
2024-12-06 12:08:00-05:00,1.0,607.4871215820312,607.9099731445312,-0.00886433253883
2024-12-06 12:09:00-05:00,1.0,607.530029296875,607.9299926757812,-0.0088204102589523
2024-12-06 12:10:00-05:00,1.0,607.6199951171875,607.9600219726562,-0.0087217914717738
2024-12-06 12:11:00-05:00,1.0,607.5999755859375,608.0,-0.0088204348915501
2024-12-06 12:12:00-05:00,1.0,607.4600219726562,608.0137939453125,-0.0090732885021208
2024-12-06 12:13:00-05:00,1.0,607.4400024414062,608.0800170898438,-0.0092150171530886
2024-12-06 12:14:00-05:00,1.0,607.4500122070312,608.1220092773438,-0.0092237865881528
2024-12-06 12:15:00-05:00,1.0,607.6400146484375,608.0650024414062,-0.0088426683578439
2024-12-06 12:16:00-05:00,1.0,607.638671875,608.030029296875,-0.0087873981802182
2024-12-06 12:17:00-05:00,1.0,607.4700927734375,607.9199829101562,-0.008890048278336
2024-12-06 12:18:00-05:00,1.0,607.5599975585938,608.0399780273438,-0.008933139655442
2024-12-06 12:19:00-05:00,1.0,607.4600219726562,608.0700073242188,-0.009140649874546
2024-12-06 12:20:00-05:00,1.0,607.510009765625,607.989990234375,-0.0089519545575741
2024-12-06 12:21:00-05:00,1.0,607.6599731445312,608.0499877929688,-0.0088039187258733
2024-12-06 12:22:00-05:00,1.0,607.7999877929688,608.00830078125,-0.0084988653689243
2024-12-06 12:23:00-05:00,1.0,607.7698974609375,607.9650268554688,-0.0084834549660126
2024-12-06 12:24:00-05:00,1.0,607.6699829101562,607.9299926757812,-0.0085839468874007
2024-12-06 12:25:00-05:00,1.0,607.5800170898438,607.97998046875,-0.0087578561659182
2024-12-06 12:26:00-05:00,1.0,607.6799926757812,608.0999755859375,-0.0087968977997332
2024-12-06 12:27:00-05:00,1.0,607.6900024414062,608.1400146484375,-0.0088587312480542
2024-12-06 12:29:00-05:00,1.0,607.739990234375,608.0499877929688,-0.0086223224896261
2024-12-06 12:30:00-05:00,1.0,607.6950073242188,608.0401000976562,-0.0086675493662047
2024-12-06 12:31:00-05:00,1.0,607.5449829101562,607.9600219726562,-0.0087764249251592
2024-12-06 12:32:00-05:00,1.0,607.4658813476562,608.0,-0.0089784846255653
2024-12-06 12:33:00-05:00,1.0,607.530029296875,608.02001953125,-0.0089246284557007
2024-12-06 12:34:00-05:00,1.0,607.3699951171875,608.0800170898438,-0.0092613956267289
2024-12-06 12:35:00-05:00,1.0,607.47998046875,608.0399780273438,-0.0090522380580723
2024-12-06 12:36:00-05:00,1.0,607.3905029296875,607.97998046875,-0.0091008173508986
2024-12-06 12:37:00-05:00,1.0,607.3779907226562,608.0399780273438,-0.0092262233218367
2024-12-06 12:38:00-05:00,1.0,607.3499755859375,608.0300903320312,-0.0092435544217431
2024-12-06 12:39:00-05:00,1.0,607.489990234375,608.0900268554688,-0.009130506227851
2024-12-06 12:40:00-05:00,1.0,607.3800048828125,608.0999755859375,-0.0093277176566855
2024-12-06 12:41:00-05:00,1.0,607.260009765625,608.114990234375,-0.0095497019704003
2024-12-06 12:43:00-05:00,1.0,607.239990234375,608.0499267578125,-0.0094820230589553
2024-12-06 12:44:00-05:00,1.0,607.219970703125,608.0549926757812,-0.009529517192465
2024-12-06 12:45:00-05:00,1.0,607.22998046875,608.219970703125,-0.0097714345254366
2024-12-06 12:46:00-05:00,1.0,607.1900024414062,608.280517578125,-0.0099302832721992
2024-12-06 12:47:00-05:00,1.0,607.3049926757812,608.2899780273438,-0.0097692694062735
2024-12-06 12:48:00-05:00,1.0,607.41552734375,608.3150024414062,-0.0096411337572578
2024-12-06 12:49:00-05:00,1.0,607.2999877929688,608.280029296875,-0.0097611683052279
2024-12-06 12:50:00-05:00,1.0,607.3900146484375,608.3049926757812,-0.0096291435437164
2024-12-06 12:51:00-05:00,1.0,607.3699951171875,608.3701171875,-0.0097939368766764
2024-12-06 12:52:00-05:00,1.0,607.3599853515625,608.3900756835938,-0.0098181412480287
2024-12-06 12:53:00-05:00,1.0,607.39990234375,608.4500122070312,-0.009857126969699
2024-12-06 12:54:00-05:00,1.0,607.5499877929688,608.3825073242188,-0.009499664642478
2024-12-06 12:55:00-05:00,1.0,607.530029296875,608.3399047851562,-0.0094625377914317
2024-12-06 12:56:00-05:00,1.0,607.5999755859375,608.3900146484375,-0.0094110733550484
2024-12-06 12:57:00-05:00,1.0,607.6199951171875,608.280029296875,-0.0092163327709245
2024-12-06 12:58:00-05:00,1.0,607.52001953125,608.3300170898438,-0.0094315100945842
2024-12-06 12:59:00-05:00,1.0,607.3049926757812,608.409912109375,-0.009909827305123
2024-12-06 13:00:00-05:00,1.0,607.3499145507812,608.3099975585938,-0.0096782791860494
2024-12-06 13:02:00-05:00,1.0,607.5,608.22998046875,-0.0093189217971669
2024-12-06 13:03:00-05:00,1.0,607.635009765625,608.219970703125,-0.0090742588465958
2024-12-06 13:04:00-05:00,1.0,607.6799926757812,608.1900024414062,-0.0089323197949287
2024-12-06 13:05:00-05:00,1.0,607.780029296875,608.22998046875,-0.0088272714455447
2024-12-06 13:06:00-05:00,1.0,607.830078125,608.2200927734375,-0.0087162393360092
2024-12-06 13:07:00-05:00,1.0,607.9295043945312,608.239990234375,-0.0085729660082019
2024-12-06 13:08:00-05:00,1.0,608.0401000976562,608.27001953125,-0.0084154890940061
2024-12-06 13:09:00-05:00,1.0,608.0382080078125,608.2498779296875,-0.008385498297337
2024-12-06 13:10:00-05:00,1.0,608.1099853515625,608.2100219726562,-0.0082457271008035
2024-12-06 13:11:00-05:00,1.0,608.1699829101562,608.2550048828125,-0.0081710301447973
2024-12-06 13:12:00-05:00,1.0,608.1727905273438,608.22998046875,-0.0081502768372864
2024-12-06 13:13:00-05:00,1.0,608.1799926757812,608.22998046875,-0.0081071856774146
2024-12-06 13:14:00-05:00,1.0,608.110107421875,608.1950073242188,-0.0081708432247409
2024-12-06 13:15:00-05:00,1.0,608.1799926757812,608.2000122070312,-0.0080516660323054
2024-12-06 13:16:00-05:00,1.0,608.239990234375,608.0650024414062,-0.0078122218968923
2024-12-06 13:17:00-05:00,1.0,608.280029296875,607.969970703125,-0.0075150100190945
2024-12-06 13:18:00-05:00,1.0,608.219970703125,607.8099975585938,-0.0073254912782316
2024-12-06 13:19:00-05:00,1.0,608.2299194335938,607.780029296875,-0.0072722813106178
2024-12-06 13:20:00-05:00,1.0,608.3298950195312,607.780029296875,-0.0071140382685329
2024-12-06 13:21:00-05:00,1.0,608.3590087890625,607.5150146484375,-0.0066294935696656
2024-12-06 13:22:00-05:00,1.0,608.3200073242188,607.3400268554688,-0.0063864385263327
2024-12-06 13:23:00-05:00,1.0,608.3201293945312,607.0499267578125,-0.0059200812701226
2024-12-06 13:24:00-05:00,1.0,608.2999877929688,607.010009765625,-0.0058811153126134
2024-12-06 13:25:00-05:00,1.0,608.1849975585938,607.0399780273438,-0.0061262658594234
2024-12-06 13:26:00-05:00,1.0,608.0800170898438,607.3499755859375,-0.0068104887490701
2024-12-06 13:27:00-05:00,1.0,608.1799926757812,607.27001953125,-0.006514034547624
2024-12-06 13:28:00-05:00,1.0,608.2000122070312,607.1599731445312,-0.0063057927753767
2024-12-06 13:29:00-05:00,1.0,608.0999755859375,607.2899780273438,-0.0066912095738433
2024-12-06 13:30:00-05:00,1.0,607.9650268554688,607.0999755859375,-0.0065813590358777
2024-12-06 13:31:00-05:00,1.0,607.909912109375,607.1099853515625,-0.0067074022382875
2024-12-06 13:32:00-05:00,1.0,607.8800048828125,607.22998046875,-0.0069482751634961
2024-12-06 13:33:00-05:00,1.0,607.7598876953125,607.489990234375,-0.0075932170236938
2024-12-06 13:34:00-05:00,1.0,607.72998046875,607.5949096679688,-0.0078151959638205
2024-12-06 13:35:00-05:00,1.0,607.6900024414062,607.6119995117188,-0.0079341237833515
2024-12-06 13:36:00-05:00,1.0,607.75,607.469970703125,-0.0076202736384016
2024-12-06 13:37:00-05:00,1.0,607.8355102539062,607.52001953125,-0.0074994408208561
2024-12-06 13:38:00-05:00,1.0,607.8350219726562,607.5700073242188,-0.007645062161162
2024-12-06 13:39:00-05:00,1.0,607.9199829101562,607.669921875,-0.0076884919984443
2024-12-06 13:40:00-05:00,1.0,607.8300170898438,607.7000122070312,-0.0078673206266232
2024-12-06 13:41:00-05:00,1.0,607.7999877929688,607.8200073242188,-0.0081079366111822
2024-12-06 13:42:00-05:00,1.0,607.8400268554688,607.6950073242188,-0.0078426113251677
2024-12-06 13:43:00-05:00,1.0,607.7291259765625,607.8400268554688,-0.0082637007666597
2024-12-06 13:44:00-05:00,1.0,607.6298828125,607.760009765625,-0.0082891091072694
2024-12-06 13:45:00-05:00,1.0,607.7399291992188,607.760009765625,-0.0081080402890673
2024-12-06 13:46:00-05:00,1.0,607.8400268554688,607.7000122070312,-0.0078508490692364
2024-12-06 13:47:00-05:00,1.0,607.8300170898438,607.77001953125,-0.007995032464311
2024-12-06 13:48:00-05:00,1.0,607.760009765625,607.739990234375,-0.0080545590522728
2024-12-06 13:49:00-05:00,1.0,607.8800048828125,607.6300048828125,-0.0076760654131773
2024-12-06 13:50:00-05:00,1.0,607.8709716796875,607.4614868164062,-0.0074071581074797
2024-12-06 13:51:00-05:00,1.0,607.8298950195312,607.3900146484375,-0.0073695359686772
2024-12-06 13:52:00-05:00,1.0,607.909912109375,607.4000244140625,-0.0072417905419527
2024-12-06 13:53:00-05:00,1.0,607.9500122070312,607.364990234375,-0.0071242868051951
2024-12-06 13:54:00-05:00,1.0,607.97998046875,607.4299926757812,-0.0071820659588753
2024-12-06 13:55:00-05:00,1.0,607.969970703125,607.1594848632812,-0.0067463687043116
2024-12-06 13:56:00-05:00,1.0,608.0,607.3499755859375,-0.0070109866589413
2024-12-06 13:57:00-05:00,1.0,607.9901123046875,607.3400268554688,-0.0070171186312886
2024-12-06 13:58:00-05:00,1.0,607.989990234375,607.3699951171875,-0.007054213457741
2024-12-06 13:59:00-05:00,1.0,608.0300903320312,607.3599853515625,-0.0069841922473813
2024-12-06 14:00:00-05:00,1.0,608.0499877929688,607.3250122070312,-0.0068937807041275
2024-12-06 14:01:00-05:00,1.0,608.0339965820312,607.1799926757812,-0.0066684913591495
2024-12-06 14:02:00-05:00,1.0,607.8099975585938,606.9550170898438,-0.0066663610651916
2024-12-06 14:03:00-05:00,1.0,607.720703125,606.9600219726562,-0.0068342359878637
2024-12-06 14:04:00-05:00,1.0,607.739990234375,607.0399780273438,-0.0069405933177893
2024-12-06 14:05:00-05:00,1.0,607.7100219726562,607.1300048828125,-0.007125907511276
2024-12-06 14:06:00-05:00,1.0,607.7003173828125,607.0198974609375,-0.006991581353476
2024-12-06 14:07:00-05:00,1.0,607.5700073242188,607.2899780273438,-0.0076513870111365
2024-12-06 14:08:00-05:00,1.0,607.639892578125,607.4600219726562,-0.0077226472130468
2024-12-06 14:09:00-05:00,1.0,607.489990234375,607.5499877929688,-0.0082112532874647
2024-12-06 14:10:00-05:00,1.0,607.3746948242188,607.4400024414062,-0.0082325128686372
2024-12-06 14:11:00-05:00,1.0,607.1851196289062,607.2999877929688,-0.0083266456716143
2024-12-06 14:12:00-05:00,1.0,607.2091064453125,607.3001098632812,-0.00828734917093
2024-12-06 14:13:00-05:00,1.0,607.2119750976562,607.4099731445312,-0.0084197210173179
2024-12-06 14:14:00-05:00,1.0,607.3300170898438,607.3499755859375,-0.0081891116068099
2024-12-06 14:15:00-05:00,1.0,607.08642578125,607.3599853515625,-0.0086254076279476
2024-12-06 14:16:00-05:00,1.0,607.1179809570312,607.4600219726562,-0.0087318175324349
2024-12-06 14:17:00-05:00,1.0,607.2000732421875,607.3800048828125,-0.0084712422851896
2024-12-06 14:18:00-05:00,1.0,607.2000122070312,607.3800048828125,-0.0084713427744315
2024-12-06 14:19:00-05:00,1.0,607.2098999023438,607.3798828125,-0.0084798625950025
2024-12-06 14:20:00-05:00,1.0,607.3099975585938,607.4600219726562,-0.0084469700204719
2024-12-06 14:21:00-05:00,1.0,607.280029296875,607.594970703125,-0.0087120910354525
2024-12-06 14:22:00-05:00,1.0,607.2999877929688,607.614990234375,-0.0087184244076742
2024-12-06 14:23:00-05:00,1.0,607.280517578125,607.510009765625,-0.0085527586933728
2024-12-06 14:24:00-05:00,1.0,607.22998046875,607.5900268554688,-0.0087675811333377
2024-12-06 14:25:00-05:00,1.0,607.1099853515625,607.530029296875,-0.0088538961862899
2024-12-06 14:26:00-05:00,1.0,607.1400146484375,607.5700073242188,-0.0088889753165852
2024-12-06 14:27:00-05:00,1.0,607.156982421875,607.469970703125,-0.0086902325157533
2024-12-06 14:28:00-05:00,1.0,607.1950073242188,607.3350219726562,-0.0084117893948511
2024-12-06 14:29:00-05:00,1.0,607.219970703125,607.0999755859375,-0.0080023470235331
2024-12-06 14:30:00-05:00,1.0,607.0499877929688,607.1900024414062,-0.0084243444562237
2024-12-06 14:31:00-05:00,1.0,607.1699829101562,607.2899780273438,-0.0083850911369018
2024-12-06 14:33:00-05:00,1.0,607.1599731445312,607.2100219726562,-0.0082824242458357
2024-12-06 14:34:00-05:00,1.0,607.2150268554688,607.1599731445312,-0.0080968258558327
2024-12-06 14:36:00-05:00,1.0,607.23291015625,607.4699096679688,-0.0085651419773175
2024-12-06 14:37:00-05:00,1.0,607.2100219726562,607.309326171875,-0.008344765024287
2024-12-06 14:38:00-05:00,1.0,607.2913208007812,607.385009765625,-0.0083354997153163
2024-12-06 14:39:00-05:00,1.0,607.2750244140625,607.4299926757812,-0.0084363711885934
2024-12-06 14:40:00-05:00,1.0,607.2000122070312,607.39501953125,-0.0085148051913468
2024-12-06 14:41:00-05:00,1.0,607.1810302734375,607.3599853515625,-0.0084696441689295
2024-12-06 14:42:00-05:00,1.0,607.2000122070312,607.2100219726562,-0.0082039848491671
2024-12-06 14:43:00-05:00,1.0,607.2899780273438,607.22998046875,-0.0081011946700203
2024-12-06 14:44:00-05:00,1.0,607.4400024414062,607.27001953125,-0.0079075867741051
2024-12-06 14:46:00-05:00,1.0,607.5,607.2100219726562,-0.0077161919610175
2024-12-06 14:47:00-05:00,1.0,607.5800170898438,607.1199951171875,-0.0074297882192054
2024-12-06 14:48:00-05:00,1.0,607.47998046875,607.1331176757812,-0.00762868741159
2024-12-06 14:49:00-05:00,1.0,607.4199829101562,607.1649780273438,-0.0077612572599032
2024-12-06 14:51:00-05:00,1.0,607.6099853515625,607.0999755859375,-0.0073286745822193
2024-12-06 14:52:00-05:00,1.0,607.6300048828125,607.1900024414062,-0.0074565963666445
2024-12-06 14:53:00-05:00,1.0,607.6199951171875,607.2000122070312,-0.0074770785544911
2024-12-06 14:54:00-05:00,1.0,607.5700073242188,607.1699829101562,-0.0075099156944152
2024-12-06 14:55:00-05:00,1.0,607.4650268554688,607.2100219726562,-0.0077487884157296
2024-12-06 14:56:00-05:00,1.0,607.52001953125,607.135009765625,-0.0075658580720396
2024-12-06 14:57:00-05:00,1.0,607.380126953125,607.155029296875,-0.0077917583518402
2024-12-06 14:58:00-05:00,1.0,607.4398803710938,607.280029296875,-0.0078867753482625
2024-12-06 14:59:00-05:00,1.0,607.3499755859375,607.1849975585938,-0.0078657903431291
2024-12-06 15:01:00-05:00,1.0,607.2930908203125,607.0399780273438,-0.0077267876875815
2024-12-06 15:02:00-05:00,1.0,607.3300170898438,607.0999145507812,-0.0077584807750792
2024-12-06 15:03:00-05:00,1.0,607.3800048828125,607.1500244140625,-0.0077649631112537
2024-12-06 15:04:00-05:00,1.0,607.3499755859375,607.1599731445312,-0.0078183136243983
2024-12-06 15:05:00-05:00,1.0,607.3599853515625,607.3099975585938,-0.0080489398236984
2024-12-06 15:06:00-05:00,1.0,607.344970703125,607.4000244140625,-0.0082281383087333
2024-12-06 15:07:00-05:00,1.0,607.3900146484375,607.260009765625,-0.0079171656197973
2024-12-06 15:08:00-05:00,1.0,607.3599853515625,607.29248046875,-0.0080263428805171
2024-12-06 15:09:00-05:00,1.0,607.4600219726562,607.3400268554688,-0.0079336751459124
2024-12-06 15:10:00-05:00,1.0,607.47998046875,607.2999877929688,-0.0078473681798136
2024-12-06 15:11:00-05:00,1.0,607.5399780273438,607.1649780273438,-0.0075323754439553
2024-12-06 15:12:00-05:00,1.0,607.5587768554688,607.1500244140625,-0.0074767686321832
2024-12-06 15:13:00-05:00,1.0,607.6300048828125,606.9849853515625,-0.0070935885720959
2024-12-06 15:14:00-05:00,1.0,607.625,607.0576171875,-0.0072153559127901
2024-12-06 15:15:00-05:00,1.0,607.6201171875,607.0449829101562,-0.007208817283257
2024-12-06 15:16:00-05:00,1.0,607.5900268554688,606.9401245117188,-0.0070604650617446
2024-12-06 15:17:00-05:00,1.0,607.5700073242188,606.9600219726562,-0.0071325156032023
2024-12-06 15:18:00-05:00,1.0,607.5999755859375,606.9299926757812,-0.0070273617126499
2024-12-06 15:19:00-05:00,1.0,607.5800170898438,606.989990234375,-0.0071591963171362
2024-12-06 15:20:00-05:00,1.0,607.6699829101562,607.02587890625,-0.0070764183784605
2024-12-06 15:21:00-05:00,1.0,607.6900024414062,607.030029296875,-0.0070502833670836
2024-12-06 15:22:00-05:00,1.0,607.6699829101562,607.2000122070312,-0.0073697534689117
2024-12-06 15:23:00-05:00,1.0,607.5650024414062,607.1099853515625,-0.0073817695091128
2024-12-06 15:24:00-05:00,1.0,607.6599731445312,606.9500732421875,-0.0069553817173105
2024-12-06 15:25:00-05:00,1.0,607.6199951171875,606.9400024414062,-0.0070108877351204
2024-12-06 15:26:00-05:00,1.0,607.510009765625,606.75,-0.0068724087093119
2024-12-06 15:27:00-05:00,1.0,607.5499877929688,606.760009765625,-0.0068355387391566
2024-12-06 15:28:00-05:00,1.0,607.4500122070312,606.7150268554688,-0.0069323322519151
2024-12-06 15:29:00-05:00,1.0,607.610107421875,606.7449951171875,-0.0067116747988866
2024-12-06 15:30:00-05:00,1.0,607.6298828125,606.7249755859375,-0.0066460380312742
2024-12-06 15:31:00-05:00,1.0,607.594970703125,606.6900024414062,-0.0066271014511908
2024-12-06 15:32:00-05:00,1.0,607.6611938476562,606.72998046875,-0.0065776930695977
2024-12-06 15:33:00-05:00,1.0,607.6658935546875,606.6699829101562,-0.006464648021023
2024-12-06 15:34:00-05:00,1.0,607.669921875,607.0,-0.0070275895799011
2024-12-06 15:35:00-05:00,1.0,607.6201171875,607.0399780273438,-0.0071505647384765
2024-12-06 15:37:00-05:00,1.0,607.47998046875,607.1500244140625,-0.0075565493841395
2024-12-06 15:38:00-05:00,1.0,607.5599975585938,607.25,-0.0075957558730444
2024-12-06 15:39:00-05:00,1.0,607.5449829101562,607.2100219726562,-0.0075608606571383
2024-12-06 15:40:00-05:00,1.0,607.5700073242188,607.22998046875,-0.0075462861207358
2024-12-06 15:41:00-05:00,1.0,607.5750122070312,607.2000122070312,-0.0074949110796095
2024-12-06 15:42:00-05:00,1.0,607.580078125,607.1699829101562,-0.0074120792341739
2024-12-06 15:43:00-05:00,1.0,607.5800170898438,607.135009765625,-0.0073232872864998
2024-12-06 15:44:00-05:00,1.0,607.5999755859375,607.2799072265625,-0.0075604475558696
2024-12-06 15:45:00-05:00,1.0,607.6699829101562,607.22998046875,-0.0073253940754595
2024-12-06 15:46:00-05:00,1.0,607.72998046875,607.3499755859375,-0.007411823045875
2024-12-06 15:47:00-05:00,1.0,607.7736206054688,607.3150024414062,-0.0072698430185013
2024-12-06 15:48:00-05:00,1.0,607.6824951171875,607.2999877929688,-0.007426400943673
2024-12-06 15:49:00-05:00,1.0,607.6500244140625,607.1799926757812,-0.0072383774268732
2024-12-06 15:50:00-05:00,1.0,607.8099975585938,607.1099853515625,-0.0068532262910819
2024-12-06 15:51:00-05:00,1.0,607.9398803710938,607.1400146484375,-0.0066825679359654
2024-12-06 15:53:00-05:00,1.0,607.8800048828125,607.0650024414062,-0.0066574708834662
2024-12-06 15:54:00-05:00,1.0,607.8250122070312,606.6799926757812,-0.0061126466257773
2024-12-06 15:55:00-05:00,1.0,607.9801025390625,606.4000244140625,-0.0053693303737054
2024-12-06 15:56:00-05:00,1.0,607.9299926757812,606.469970703125,-0.0055613398343102
2024-12-06 15:57:00-05:00,1.0,608.0800170898438,606.4500122070312,-0.0052747188968543
2024-12-06 15:58:00-05:00,1.0,608.0499877929688,606.4749755859375,-0.0053655054488075
2024-12-06 15:59:00-05:00,1.0,608.0114135742188,606.6099853515625,-0.005633487629617
2024-12-09 09:30:00-05:00,1.0,607.47998046875,607.6699829101562,-0.0086564237320417
2024-12-09 09:32:00-05:00,1.0,607.739990234375,608.030029296875,-0.0088832643718648
2024-12-09 09:33:00-05:00,1.0,607.77001953125,608.201171875,-0.0091151475879819
2024-12-09 09:35:00-05:00,1.0,607.4849853515625,608.1799926757812,-0.0095802658466056
2024-12-09 09:36:00-05:00,1.0,607.4655151367188,607.989990234375,-0.0092501377178579
2024-12-09 09:37:00-05:00,1.0,607.4149780273438,608.1099853515625,-0.0095803974050096
2024-12-09 09:38:00-05:00,1.0,607.5,608.1898803710938,-0.009584317411978
2024-12-09 09:39:00-05:00,1.0,607.4450073242188,608.239990234375,-0.0097382717725242
2024-12-09 09:40:00-05:00,1.0,607.3400268554688,608.0449829101562,-0.0095843814183179
2024-12-09 09:41:00-05:00,1.0,607.27001953125,608.010009765625,-0.0095608191641413
2024-12-09 09:42:00-05:00,1.0,607.2999877929688,608.1007080078125,-0.0097480059325279
2024-12-09 09:43:00-05:00,1.0,607.280029296875,608.1099853515625,-0.0098085624100571
2024-12-09 09:44:00-05:00,1.0,607.22998046875,608.2000122070312,-0.0100386722604603
2024-12-09 09:45:00-05:00,1.0,607.4791259765625,608.3300170898438,-0.0098424827427171
2024-12-09 09:46:00-05:00,1.0,607.39501953125,608.4500122070312,-0.0101776519715924
2024-12-09 09:47:00-05:00,1.0,607.4199829101562,608.7899780273438,-0.0107003575397654
2024-12-09 09:48:00-05:00,1.0,607.5150146484375,608.8800048828125,-0.0106605549918353
2024-12-09 09:50:00-05:00,1.0,607.510009765625,608.7100219726562,-0.01039015208591
2024-12-09 09:51:00-05:00,1.0,607.3920288085938,608.9199829101562,-0.0109030355292087
2024-12-09 09:52:00-05:00,1.0,607.3477783203125,608.8400268554688,-0.010900969826776
2024-12-09 09:53:00-05:00,1.0,607.3099975585938,608.8099975585938,-0.0108638228774415
2024-12-09 09:54:00-05:00,1.0,607.3599853515625,608.8599853515625,-0.0109011205960125
2024-12-09 09:55:00-05:00,1.0,607.47998046875,608.7100219726562,-0.0104207347661535
2024-12-09 09:56:00-05:00,1.0,607.39501953125,608.739990234375,-0.0106094337889764
2024-12-09 09:57:00-05:00,1.0,607.4349975585938,608.6500244140625,-0.0103962651880913
2024-12-09 09:58:00-05:00,1.0,607.3599853515625,608.760009765625,-0.0106997969505281
2024-12-09 09:59:00-05:00,1.0,607.4600219726562,608.97998046875,-0.0109021588062694
2024-12-09 10:01:00-05:00,1.0,607.489990234375,608.6500244140625,-0.0102934133051119
2024-12-09 10:02:00-05:00,1.0,607.5800170898438,608.6699829101562,-0.0102032336502798
2024-12-09 10:03:00-05:00,1.0,607.4400024414062,608.614990234375,-0.0103305929229844
2024-12-09 10:04:00-05:00,1.0,607.4450073242188,608.5599975585938,-0.01023217799206
2024-12-09 10:05:00-05:00,1.0,607.4500122070312,608.4650268554688,-0.0100681561037009
2024-12-09 10:06:00-05:00,1.0,607.3695068359375,608.6693725585938,-0.0105855858882666
2024-12-09 10:07:00-05:00,1.0,607.3800048828125,608.5900268554688,-0.0103882382544261
2024-12-09 10:08:00-05:00,1.0,607.3699951171875,608.8200073242188,-0.010775426340441
2024-12-09 10:09:00-05:00,1.0,607.3400268554688,608.780029296875,-0.0107778904072205
2024-12-09 10:10:00-05:00,1.0,607.1199951171875,608.7899780273438,-0.0111431182680889
2024-12-09 10:11:00-05:00,1.0,607.2349853515625,609.010009765625,-0.0113146063046576
2024-12-09 10:12:00-05:00,1.0,607.1599731445312,608.6599731445312,-0.0108706801682111
2024-12-09 10:13:00-05:00,1.0,607.3300170898438,608.6693725585938,-0.0106129647007617
2024-12-09 10:14:00-05:00,1.0,607.239990234375,608.625,-0.0106881373228589
2024-12-09 10:15:00-05:00,1.0,607.1199951171875,608.7501220703125,-0.0111028260800688
2024-12-09 10:16:00-05:00,1.0,607.0999755859375,608.6099853515625,-0.0109123295122803
2024-12-09 10:18:00-05:00,1.0,607.0900268554688,608.8599853515625,-0.0113445041367092
2024-12-09 10:19:00-05:00,1.0,607.0798950195312,608.907470703125,-0.0113889013155125
2024-12-09 10:20:00-05:00,1.0,606.919921875,608.85498046875,-0.011571942929062
2024-12-09 10:21:00-05:00,1.0,607.0900268554688,608.8099975585938,-0.0112876354445924
2024-12-09 10:22:00-05:00,1.0,607.0250244140625,608.8300170898438,-0.0114521906773896
2024-12-09 10:23:00-05:00,1.0,606.9600219726562,608.8099975585938,-0.0115136747808941
2024-12-09 10:25:00-05:00,1.0,606.8098754882812,608.75,-0.011662062852926
2024-12-09 10:26:00-05:00,1.0,606.530029296875,608.8499755859375,-0.0122728742828105
2024-12-09 10:28:00-05:00,1.0,606.4500122070312,608.9199829101562,-0.0124875640846856
2024-12-09 10:29:00-05:00,1.0,606.239990234375,608.8800048828125,-0.0128483537433752
2024-12-09 10:30:00-05:00,1.0,606.4498901367188,608.7899780273438,-0.0123750844504414
2024-12-09 10:31:00-05:00,1.0,606.5499877929688,608.75,-0.0121827330916324
2024-12-09 10:32:00-05:00,1.0,606.489990234375,608.72998046875,-0.0122172764300192
2024-12-09 10:33:00-05:00,1.0,606.3399047851562,608.6500244140625,-0.012314231042049
2024-12-09 10:34:00-05:00,1.0,606.3099975585938,608.6500854492188,-0.0123509679201459
2024-12-09 10:36:00-05:00,1.0,606.3300170898438,608.9099731445312,-0.0128057573877491
2024-12-09 10:37:00-05:00,1.0,606.2301025390625,608.9586181640625,-0.0130493756839358
2024-12-09 10:38:00-05:00,1.0,605.9099731445312,608.885009765625,-0.0134422901773381
2024-12-09 10:39:00-05:00,1.0,605.9099731445312,608.8400268554688,-0.0133625182013255
2024-12-09 10:40:00-05:00,1.0,605.9600219726562,608.6599731445312,-0.0129546440804439
2024-12-09 10:41:00-05:00,1.0,606.260009765625,608.6500244140625,-0.0125329969852454
2024-12-09 10:42:00-05:00,1.0,606.4500122070312,608.719970703125,-0.0123290685460372
2024-12-09 10:43:00-05:00,1.0,606.3699951171875,608.7100219726562,-0.0124442390810083
2024-12-09 10:44:00-05:00,1.0,605.97998046875,608.6099243164062,-0.0128712306316072
2024-12-09 10:46:00-05:00,1.0,605.97998046875,608.5798950195312,-0.0128096006264885
2024-12-09 10:47:00-05:00,1.0,605.4995727539062,608.6099853515625,-0.0136731828223653
2024-12-09 10:48:00-05:00,1.0,605.3300170898438,608.6500244140625,-0.0140422066311463
2024-12-09 10:50:00-05:00,1.0,605.47998046875,608.3599853515625,-0.0133215471960005
2024-12-09 10:51:00-05:00,1.0,605.510009765625,608.2899780273438,-0.0132076365502256
2024-12-09 10:52:00-05:00,1.0,605.5335083007812,608.3599853515625,-0.013308560094087
2024-12-09 10:53:00-05:00,1.0,605.3400268554688,608.3800048828125,-0.0136343407951364
2024-12-09 10:54:00-05:00,1.0,605.6300048828125,608.4000244140625,-0.0132029576267156
2024-12-09 10:55:00-05:00,1.0,605.4149780273438,608.469970703125,-0.0136457780545866
2024-12-09 10:56:00-05:00,1.0,605.4199829101562,608.6998901367188,-0.0139446314991749
2024-12-09 10:57:00-05:00,1.0,605.4199829101562,608.6599731445312,-0.0139856531188689
2024-12-09 10:58:00-05:00,1.0,605.4149780273438,608.72998046875,-0.0141207683172653
2024-12-09 10:59:00-05:00,1.0,605.4299926757812,608.7000122070312,-0.014040886464058
2024-12-09 11:00:00-05:00,1.0,605.369873046875,608.6199951171875,-0.0139901500055657
2024-12-09 11:01:00-05:00,1.0,605.5499877929688,608.6826171875,-0.0138153227886332
2024-12-09 11:02:00-05:00,1.0,605.231689453125,608.7000122070312,-0.0143666679963062
2024-12-09 11:03:00-05:00,1.0,605.0,608.4400024414062,-0.0143038071586401
2024-12-09 11:05:00-05:00,1.0,605.3049926757812,608.5349731445312,-0.0139827975979909
2024-12-09 11:06:00-05:00,1.0,605.0999755859375,608.6300048828125,-0.014499959365386
2024-12-09 11:08:00-05:00,1.0,605.0250244140625,608.1699829101562,-0.013939933360686
2024-12-09 11:09:00-05:00,1.0,604.9500122070312,608.2100219726562,-0.0141662566553516
2024-12-09 11:10:00-05:00,1.0,604.7000122070312,608.1900024414062,-0.0144320722683132
2024-12-09 11:11:00-05:00,1.0,604.8599853515625,608.0800170898438,-0.0139891579196545
2024-12-09 11:12:00-05:00,1.0,604.830078125,607.989990234375,-0.0140348094296451
2024-12-09 11:13:00-05:00,1.0,605.1500244140625,607.6500244140625,-0.0129454603177082
2024-12-09 11:16:00-05:00,1.0,605.0599975585938,608.1199951171875,-0.0138006476240932
2024-12-09 11:17:00-05:00,1.0,605.155029296875,608.010009765625,-0.013476864254526
2024-12-09 11:18:00-05:00,1.0,605.3499755859375,607.8400268554688,-0.0128778069220786
2024-12-09 11:19:00-05:00,1.0,605.3699951171875,607.780029296875,-0.012752806629893
2024-12-09 11:20:00-05:00,1.0,605.510009765625,607.8300170898438,-0.0124856186293685
2024-12-09 11:21:00-05:00,1.0,605.64501953125,607.6599731445312,-0.0120971728883453
2024-12-09 11:22:00-05:00,1.0,605.5808715820312,607.7899169921875,-0.0123908042240784
2024-12-09 11:23:00-05:00,1.0,605.5700073242188,607.7139892578125,-0.0123091956643941
2024-12-09 11:24:00-05:00,1.0,605.5999755859375,607.75,-0.0121876790029823
2024-12-09 11:25:00-05:00,1.0,605.5800170898438,607.75,-0.0122955189801007
2024-12-09 11:26:00-05:00,1.0,605.6799926757812,607.8419799804688,-0.0122068245956901
2024-12-09 11:27:00-05:00,1.0,605.77001953125,607.8599853515625,-0.0121632355652243
2024-12-09 11:29:00-05:00,1.0,605.72998046875,608.0,-0.0123710847553453
2024-12-09 11:30:00-05:00,1.0,605.760009765625,608.0900268554688,-0.0124504475890768
2024-12-09 11:31:00-05:00,1.0,605.8699951171875,608.1901245117188,-0.0125023093844732
2024-12-09 11:32:00-05:00,1.0,605.9349975585938,608.0999145507812,-0.0121913836891928
2024-12-09 11:33:00-05:00,1.0,605.7628784179688,608.1199951171875,-0.0124948216933251
2024-12-09 11:34:00-05:00,1.0,605.8150024414062,608.1359252929688,-0.0124039541100649
2024-12-09 11:35:00-05:00,1.0,605.8400268554688,608.1500244140625,-0.0123921508318003
2024-12-09 11:36:00-05:00,1.0,605.9199829101562,608.22998046875,-0.0124104015056335
2024-12-09 11:37:00-05:00,1.0,605.8200073242188,608.1900024414062,-0.0124718005190381
2024-12-09 11:38:00-05:00,1.0,605.5900268554688,608.0800170898438,-0.0127010897651539
2024-12-09 11:39:00-05:00,1.0,605.5,608.1500244140625,-0.01292001756586
2024-12-09 11:40:00-05:00,1.0,605.5750122070312,608.1900024414062,-0.012868377129479
2024-12-09 11:41:00-05:00,1.0,605.75,608.239990234375,-0.0127375127817196
2024-12-09 11:42:00-05:00,1.0,605.6445922851562,608.0999755859375,-0.0126565454273314
2024-12-09 11:43:00-05:00,1.0,605.5999755859375,608.0900268554688,-0.0127386227319336
2024-12-09 11:44:00-05:00,1.0,605.52001953125,608.159912109375,-0.0129532868975918
2024-12-09 11:45:00-05:00,1.0,605.7382202148438,608.0524291992188,-0.0123996865825126
2024-12-09 11:46:00-05:00,1.0,605.739990234375,607.9000244140625,-0.0121407720726068
2024-12-09 11:47:00-05:00,1.0,605.760009765625,607.7698974609375,-0.0119007378974084
2024-12-09 11:48:00-05:00,1.0,605.739990234375,607.8350219726562,-0.0120592111346793
2024-12-09 11:49:00-05:00,1.0,605.7150268554688,607.7849731445312,-0.0119932213990551
2024-12-09 11:50:00-05:00,1.0,605.9100952148438,607.9201049804688,-0.011906371592513
2024-12-09 11:51:00-05:00,1.0,605.8400268554688,607.8800048828125,-0.0119496393382864
2024-12-09 11:52:00-05:00,1.0,605.8900146484375,607.780029296875,-0.0117034517956052
2024-12-09 11:53:00-05:00,1.0,605.9500122070312,607.7999877929688,-0.0116249742893918
2024-12-09 11:54:00-05:00,1.0,606.030029296875,607.8400268554688,-0.0115402531564635
2024-12-09 11:55:00-05:00,1.0,605.97998046875,607.85498046875,-0.0116408673186803
2024-12-09 11:56:00-05:00,1.0,605.969970703125,607.97998046875,-0.0118497959722296
2024-12-09 11:57:00-05:00,1.0,605.9600219726562,607.9299926757812,-0.0117904565112082
2024-12-09 11:58:00-05:00,1.0,606.0499877929688,607.969970703125,-0.0117205226042015
2024-12-09 11:59:00-05:00,1.0,606.1199951171875,607.8150024414062,-0.0113324395147543
2024-12-09 12:00:00-05:00,1.0,606.010009765625,607.830078125,-0.01152562034276
2024-12-09 12:01:00-05:00,1.0,605.9450073242188,607.760009765625,-0.0115238801702026
2024-12-09 12:02:00-05:00,1.0,606.0,607.7100219726562,-0.0113451281833898
2024-12-09 12:03:00-05:00,1.0,605.9299926757812,607.5800170898438,-0.0112594818668341
2024-12-09 12:04:00-05:00,1.0,605.72998046875,607.380126953125,-0.0112668265986126
2024-12-09 12:05:00-05:00,1.0,605.7150268554688,607.4600219726562,-0.0114288589850667
2024-12-09 12:06:00-05:00,1.0,605.489990234375,607.5399780273438,-0.0119617434524637
2024-12-09 12:07:00-05:00,1.0,605.7100219726562,607.468017578125,-0.0114814722826521
2024-12-09 12:08:00-05:00,1.0,605.7291259765625,607.489990234375,-0.0115235897481753
2024-12-09 12:09:00-05:00,1.0,605.8372192382812,607.619873046875,-0.0114900806524681
2024-12-09 12:10:00-05:00,1.0,605.8599853515625,607.5499877929688,-0.011394168134906
2024-12-09 12:11:00-05:00,1.0,605.7650146484375,607.5800170898438,-0.0116122648710529
2024-12-09 12:12:00-05:00,1.0,605.8200073242188,607.4099731445312,-0.0112301155983763
2024-12-09 12:13:00-05:00,1.0,605.7849731445312,607.469970703125,-0.0113675456439944
2024-12-09 12:14:00-05:00,1.0,605.7050170898438,607.5150146484375,-0.011560596213593
2024-12-09 12:15:00-05:00,1.0,605.7100830078125,607.6699829101562,-0.0118190202247323
2024-12-09 12:16:00-05:00,1.0,605.5700073242188,607.5549926757812,-0.0118546698455151
2024-12-09 12:17:00-05:00,1.0,605.5800170898438,607.510009765625,-0.0117643903306232
2024-12-09 12:18:00-05:00,1.0,605.6099853515625,607.47998046875,-0.0116907827044679
2024-12-09 12:19:00-05:00,1.0,605.6199951171875,607.4500122070312,-0.0115938717023106
2024-12-09 12:20:00-05:00,1.0,605.5800170898438,607.5700073242188,-0.0118878266461243
2024-12-09 12:21:00-05:00,1.0,605.5750122070312,607.7100219726562,-0.0121257047990498
2024-12-09 12:22:00-05:00,1.0,605.5,607.780029296875,-0.0123576554213211
2024-12-09 12:23:00-05:00,1.0,605.47998046875,607.6849975585938,-0.0122285527842591
2024-12-09 12:24:00-05:00,1.0,605.5,607.5700073242188,-0.0120195268434335
2024-12-09 12:25:00-05:00,1.0,605.569580078125,607.6900024414062,-0.0121018158596692
2024-12-09 12:26:00-05:00,1.0,605.4349975585938,607.6599731445312,-0.0122927970563638
2024-12-09 12:28:00-05:00,1.0,605.4199829101562,607.77001953125,-0.0125041544014564
2024-12-09 12:29:00-05:00,1.0,605.5999755859375,607.6998901367188,-0.012093012473943
2024-12-09 12:30:00-05:00,1.0,605.5394897460938,607.5800170898438,-0.0120147003873639
2024-12-09 12:31:00-05:00,1.0,605.47998046875,607.4650268554688,-0.0119052541898902
2024-12-09 12:32:00-05:00,1.0,605.4500122070312,607.489990234375,-0.0119767938527994
2024-12-09 12:33:00-05:00,1.0,605.4000244140625,607.4609985351562,-0.0120365178090669
2024-12-09 12:34:00-05:00,1.0,605.3499755859375,607.4089965820312,-0.0120148427709831
2024-12-09 12:35:00-05:00,1.0,605.4041137695312,607.489990234375,-0.0120585980812441
2024-12-09 12:36:00-05:00,1.0,605.489990234375,607.3988037109375,-0.0117988532861778
2024-12-09 12:37:00-05:00,1.0,605.5800170898438,607.3900146484375,-0.0116237093588007
2024-12-09 12:39:00-05:00,1.0,605.6599731445312,607.3800048828125,-0.0114756373266384
2024-12-09 12:40:00-05:00,1.0,605.77001953125,607.27001953125,-0.0110825708939292
2024-12-09 12:41:00-05:00,1.0,605.72998046875,607.2849731445312,-0.0111793150469654
